strategy,weight,sym,dir,m,res,factor_id,p
bttp_aave_001,0.0095,AAVE,R,B,1h,bttp_aave,"[96, 124, 0.6]"
bttp_aave_002,0.0095,AAVE,R,B,1h,bttp_aave,"[8, 192, 2.0]"
bttp_aave_003,0.0095,AAVE,R,B,1h,bttp_aave,"[96, 124, 0.8]"
bttp_aave_004,0.0095,AAVE,R,B,1h,bttp_aave,"[84, 124, 0.8]"
bttp_aave_005,0.0095,AAVE,R,B,1h,bttp_aave,"[36, 124, 2.0]"
bttp_aave_006,0.0095,AAVE,R,B,1h,bttp_aave,"[12, 98, 1.2]"
bttp_aave_007,0.0095,AAVE,R,B,1h,bttp_aave,"[42, 155, 2.2]"
bttp_aave_008,0.0095,AAVE,R,B,1h,bttp_aave,"[42, 41, 1.8]"
bttp_aave_009,0.0095,AAVE,R,R,1h,bttp_aave,"[96, 124, 0.65]"
bttp_aave_010,0.0095,AAVE,R,R,1h,bttp_aave,"[84, 155, 0.75]"
bttp_aave_011,0.0095,AAVE,R,R,1h,bttp_aave,"[84, 124, 0.6]"
bttp_aave_012,0.0095,AAVE,R,R,1h,bttp_aave,"[84, 155, 0.8]"
bttp_aave_013,0.0095,AAVE,R,R,1h,bttp_aave,"[84, 124, 0.85]"
bttp_aave_014,0.0095,AAVE,R,R,1h,bttp_aave,"[72, 155, 0.6]"
bttp_aave_015,0.0095,AAVE,R,R,1h,bttp_aave,"[96, 98, 0.55]"
bttp_aave_016,0.0095,AAVE,R,R,1h,bttp_aave,"[84, 155, 0.6]"
bttp_aave_017,0.0095,AAVE,R,R,1h,bttp_aave,"[84, 98, 0.8]"
bttp_bnb_001,0.0272,BNB,R,B,1h,bttp_bnb,"[60, 1075, 0.8]"
bttp_bnb_002,0.0272,BNB,R,B,1h,bttp_bnb,"[84, 1075, 1.0]"
bttp_bnb_003,0.0272,BNB,R,B,1h,bttp_bnb,"[48, 1292, 0.6]"
bttp_bnb_004,0.0272,BNB,R,B,1h,bttp_bnb,"[6, 1075, 0.8]"
bttp_bnb_005,0.0272,BNB,R,B,1h,bttp_bnb,"[60, 1075, 0.6]"
bttp_bnb_006,0.0272,BNB,R,B,1h,bttp_bnb,"[96, 1075, 1.0]"
bttp_bnb_007,0.0272,BNB,R,B,1h,bttp_bnb,"[96, 1075, 0.6]"
bttp_bnb_008,0.0272,BNB,R,B,1h,bttp_bnb,"[30, 894, 1.6]"
bttp_bnb_009,0.0272,BNB,R,B,1h,bttp_bnb,"[84, 512, 2.0]"
bttp_bnb_010,0.0272,BNB,R,B,1h,bttp_bnb,"[42, 1292, 0.6]"
bttp_bnb_011,0.0272,BNB,R,R,1h,bttp_bnb,"[96, 1292, 0.75]"
bttp_bnb_012,0.0272,BNB,R,R,1h,bttp_bnb,"[84, 743, 0.9]"
bttp_bnb_013,0.0272,BNB,R,R,1h,bttp_bnb,"[72, 1292, 0.8]"
bttp_bnb_014,0.0272,BNB,R,R,1h,bttp_bnb,"[60, 1075, 0.8]"
bttp_bnb_015,0.0272,BNB,R,R,1h,bttp_bnb,"[72, 1075, 0.6]"
bttp_bnb_016,0.0272,BNB,R,R,1h,bttp_bnb,"[84, 1292, 0.75]"
bttp_bnb_017,0.0272,BNB,R,R,1h,bttp_bnb,"[96, 1292, 0.7]"
bttp_bnb_018,0.0272,BNB,R,R,1h,bttp_bnb,"[48, 1075, 0.75]"
bttp_bnb_019,0.0272,BNB,R,R,1h,bttp_bnb,"[42, 617, 0.95]"
bttp_bnb_020,0.0272,BNB,R,R,1h,bttp_bnb,"[72, 894, 0.6]"
bttp_cfx_001,0.0055,CFX,R,B,1h,bttp_cfx,"[42, 98, 0.4]"
bttp_cfx_002,0.0055,CFX,R,B,1h,bttp_cfx,"[72, 155, 1.2]"
bttp_cfx_003,0.0055,CFX,R,B,1h,bttp_cfx,"[30, 512, 1.8]"
bttp_cfx_004,0.0055,CFX,R,B,1h,bttp_cfx,"[72, 155, 0.6]"
bttp_cfx_005,0.0055,CFX,R,B,1h,bttp_cfx,"[96, 98, 1.0]"
bttp_cfx_006,0.0055,CFX,R,B,1h,bttp_cfx,"[96, 124, 1.0]"
bttp_cfx_007,0.0055,CFX,R,B,1h,bttp_cfx,"[84, 192, 2.0]"
bttp_cfx_008,0.0055,CFX,R,B,1h,bttp_cfx,"[60, 192, 1.4]"
bttp_cfx_009,0.0055,CFX,R,B,1h,bttp_cfx,"[96, 41, 1.0]"
bttp_cfx_010,0.0055,CFX,R,B,1h,bttp_cfx,"[96, 124, 1.4]"
bttp_cfx_011,0.0055,CFX,R,B,1h,bttp_cfx,"[96, 98, 1.2]"
bttp_cfx_012,0.0055,CFX,R,B,1h,bttp_cfx,"[96, 192, 2.2]"
bttp_cfx_013,0.0055,CFX,R,R,1h,bttp_cfx,"[96, 155, 0.7]"
bttp_cfx_014,0.0055,CFX,R,R,1h,bttp_cfx,"[84, 124, 0.95]"
bttp_cfx_015,0.0055,CFX,R,R,1h,bttp_cfx,"[84, 124, 0.8]"
bttp_cfx_016,0.0055,CFX,R,R,1h,bttp_cfx,"[96, 98, 0.9]"
bttp_cfx_017,0.0055,CFX,R,R,1h,bttp_cfx,"[84, 155, 0.7]"
bttp_cfx_018,0.0055,CFX,R,R,1h,bttp_cfx,"[96, 98, 0.85]"
bttp_cfx_019,0.0055,CFX,R,R,1h,bttp_cfx,"[96, 124, 0.9]"
bttp_cfx_020,0.0055,CFX,R,R,1h,bttp_cfx,"[96, 124, 0.65]"
bttp_cfx_021,0.0055,CFX,R,R,1h,bttp_cfx,"[96, 124, 0.75]"
bttp_dot_001,0.0323,DOT,R,B,1h,bttp_dot,"[6, 2238, 1.8]"
bttp_dot_002,0.0323,DOT,R,B,1h,bttp_dot,"[1, 2238, 1.8]"
bttp_dot_003,0.0323,DOT,R,B,1h,bttp_dot,"[12, 236, 1.8]"
bttp_dot_004,0.0323,DOT,R,B,1h,bttp_dot,"[8, 2238, 1.8]"
bttp_dot_005,0.0323,DOT,R,B,1h,bttp_dot,"[6, 2238, 1.4]"
bttp_dot_006,0.0323,DOT,R,B,1h,bttp_dot,"[4, 1864, 1.6]"
bttp_dot_007,0.0323,DOT,R,B,1h,bttp_dot,"[2, 2238, 1.8]"
bttp_dot_008,0.0323,DOT,R,B,1h,bttp_dot,"[2, 1864, 2.0]"
bttp_dot_009,0.0323,DOT,R,R,1h,bttp_dot,"[6, 617, 0.95]"
bttp_dot_010,0.0323,DOT,R,R,1h,bttp_dot,"[96, 894, 0.55]"
bttp_dot_011,0.0323,DOT,R,R,1h,bttp_dot,"[84, 288, 0.75]"
bttp_dot_012,0.0323,DOT,R,R,1h,bttp_dot,"[12, 2238, 0.95]"
bttp_dot_013,0.0323,DOT,R,R,1h,bttp_dot,"[72, 1075, 0.5]"
bttp_dot_014,0.0323,DOT,R,R,1h,bttp_dot,"[2, 2238, 0.95]"
bttp_dot_015,0.0323,DOT,R,R,1h,bttp_dot,"[24, 1075, 0.7]"
bttp_dot_016,0.0323,DOT,R,R,1h,bttp_dot,"[18, 236, 0.95]"
bttp_dot_017,0.0323,DOT,R,R,1h,bttp_dot,"[4, 2238, 0.95]"
bttp_icp_001,0.0203,ICP,R,B,1h,bttp_icp,"[6, 617, 1.4]"
bttp_icp_002,0.0203,ICP,R,B,1h,bttp_icp,"[30, 288, 1.0]"
bttp_icp_003,0.0203,ICP,R,B,1h,bttp_icp,"[42, 288, 1.2]"
bttp_icp_004,0.0203,ICP,R,B,1h,bttp_icp,"[18, 288, 1.0]"
bttp_icp_005,0.0203,ICP,R,B,1h,bttp_icp,"[18, 512, 1.2]"
bttp_icp_006,0.0203,ICP,R,B,1h,bttp_icp,"[12, 743, 1.2]"
bttp_icp_007,0.0203,ICP,R,B,1h,bttp_icp,"[24, 350, 1.2]"
bttp_icp_008,0.0203,ICP,R,B,1h,bttp_icp,"[30, 617, 1.2]"
bttp_icp_009,0.0203,ICP,R,B,1h,bttp_icp,"[30, 350, 1.4]"
bttp_icp_010,0.0203,ICP,R,B,1h,bttp_icp,"[24, 512, 1.4]"
bttp_icp_011,0.0203,ICP,R,B,1h,bttp_icp,"[24, 617, 1.2]"
bttp_icp_012,0.0203,ICP,R,R,1h,bttp_icp,"[36, 617, 0.9]"
bttp_icp_013,0.0203,ICP,R,R,1h,bttp_icp,"[6, 617, 0.9]"
bttp_icp_014,0.0203,ICP,R,R,1h,bttp_icp,"[36, 424, 0.85]"
bttp_icp_015,0.0203,ICP,R,R,1h,bttp_icp,"[30, 617, 0.9]"
bttp_icp_016,0.0203,ICP,R,R,1h,bttp_icp,"[24, 512, 0.9]"
bttp_icp_017,0.0203,ICP,R,R,1h,bttp_icp,"[30, 512, 0.9]"
bttp_icp_018,0.0203,ICP,R,R,1h,bttp_icp,"[60, 236, 0.95]"
bttp_icp_019,0.0203,ICP,R,R,1h,bttp_icp,"[30, 350, 0.85]"
bttp_icp_020,0.0203,ICP,R,R,1h,bttp_icp,"[24, 743, 0.9]"
bttp_icp_021,0.0203,ICP,R,R,1h,bttp_icp,"[42, 512, 0.85]"
bttp_link_001,0.0057,LINK,R,B,1h,bttp_link,"[72, 1864, 0.6]"
bttp_link_002,0.0057,LINK,R,B,1h,bttp_link,"[72, 1075, 0.0]"
bttp_link_003,0.0057,LINK,R,B,1h,bttp_link,"[84, 1552, 0.6]"
bttp_link_004,0.0057,LINK,R,B,1h,bttp_link,"[12, 1552, 1.0]"
bttp_link_005,0.0057,LINK,R,B,1h,bttp_link,"[36, 743, 1.6]"
bttp_link_006,0.0057,LINK,R,B,1h,bttp_link,"[84, 1864, 0.6]"
bttp_link_007,0.0057,LINK,R,B,1h,bttp_link,"[36, 894, 1.6]"
bttp_link_008,0.0057,LINK,R,B,1h,bttp_link,"[60, 743, 1.6]"
bttp_link_009,0.0057,LINK,R,B,1h,bttp_link,"[42, 1864, 0.6]"
bttp_link_010,0.0057,LINK,R,B,1h,bttp_link,"[72, 1552, 0.6]"
bttp_link_011,0.0057,LINK,R,B,1h,bttp_link,"[60, 1864, 0.6]"
bttp_link_012,0.0057,LINK,R,B,1h,bttp_link,"[42, 894, 1.6]"
bttp_link_013,0.0057,LINK,R,R,1h,bttp_link,"[84, 2238, 0.75]"
bttp_link_014,0.0057,LINK,R,R,1h,bttp_link,"[72, 2238, 0.65]"
bttp_link_015,0.0057,LINK,R,R,1h,bttp_link,"[72, 2238, 0.7]"
bttp_link_016,0.0057,LINK,R,R,1h,bttp_link,"[36, 1864, 0.7]"
bttp_link_017,0.0057,LINK,R,R,1h,bttp_link,"[60, 192, 0.6]"
bttp_link_018,0.0057,LINK,R,R,1h,bttp_link,"[96, 2238, 0.65]"
bttp_link_019,0.0057,LINK,R,R,1h,bttp_link,"[84, 192, 0.6]"
bttp_link_020,0.0057,LINK,R,R,1h,bttp_link,"[84, 2238, 0.7]"
bttp_link_021,0.0057,LINK,R,R,1h,bttp_link,"[84, 1864, 0.7]"
bttp_link_022,0.0057,LINK,R,R,1h,bttp_link,"[48, 2238, 0.65]"
bttp_near_001,0.0,NEAR,R,B,1h,bttp_near,"[48, 1292, 0.0]"
bttp_near_002,0.0,NEAR,R,B,1h,bttp_near,"[96, 1292, 0.2]"
bttp_near_003,0.0,NEAR,R,B,1h,bttp_near,"[84, 1075, 0.0]"
bttp_near_004,0.0,NEAR,R,B,1h,bttp_near,"[72, 1075, 0.4]"
bttp_near_005,0.0,NEAR,R,B,1h,bttp_near,"[96, 1292, 0.4]"
bttp_near_006,0.0,NEAR,R,B,1h,bttp_near,"[84, 894, 0.0]"
bttp_near_007,0.0,NEAR,R,B,1h,bttp_near,"[72, 1292, 0.2]"
bttp_near_008,0.0,NEAR,R,B,1h,bttp_near,"[48, 1864, 0.2]"
bttp_near_009,0.0,NEAR,R,B,1h,bttp_near,"[84, 1075, 0.4]"
bttp_near_010,0.0,NEAR,R,B,1h,bttp_near,"[72, 1864, 0.2]"
bttp_near_011,0.0,NEAR,R,B,1h,bttp_near,"[72, 1292, 0.4]"
bttp_near_012,0.0,NEAR,R,R,1h,bttp_near,"[84, 1292, 0.6]"
bttp_near_013,0.0,NEAR,R,R,1h,bttp_near,"[96, 1292, 0.5]"
bttp_near_014,0.0,NEAR,R,R,1h,bttp_near,"[72, 1292, 0.6]"
bttp_near_015,0.0,NEAR,R,R,1h,bttp_near,"[96, 1292, 0.6]"
bttp_near_016,0.0,NEAR,R,R,1h,bttp_near,"[84, 1292, 0.55]"
bttp_near_017,0.0,NEAR,R,R,1h,bttp_near,"[84, 1075, 0.7]"
bttp_near_018,0.0,NEAR,R,R,1h,bttp_near,"[84, 1075, 0.55]"
bttp_near_019,0.0,NEAR,R,R,1h,bttp_near,"[96, 1552, 0.8]"
bttp_sui_001,0.0142,SUI,R,B,1h,bttp_sui,"[24, 617, 1.0]"
bttp_sui_002,0.0142,SUI,R,B,1h,bttp_sui,"[12, 617, 0.6]"
bttp_sui_003,0.0142,SUI,R,B,1h,bttp_sui,"[1, 424, 2.2]"
bttp_sui_004,0.0142,SUI,R,B,1h,bttp_sui,"[24, 617, 0.8]"
bttp_sui_005,0.0142,SUI,R,B,1h,bttp_sui,"[30, 57, 1.0]"
bttp_sui_006,0.0142,SUI,R,B,1h,bttp_sui,"[12, 350, 1.8]"
bttp_sui_007,0.0142,SUI,R,B,1h,bttp_sui,"[48, 27, 1.2]"
bttp_sui_008,0.0142,SUI,R,B,1h,bttp_sui,"[2, 350, 2.0]"
bttp_sui_009,0.0142,SUI,R,R,1h,bttp_sui,"[1, 1552, 0.95]"
bttp_sui_010,0.0142,SUI,R,R,1h,bttp_sui,"[48, 15, 0.75]"
bttp_sui_011,0.0142,SUI,R,R,1h,bttp_sui,"[2, 617, 0.85]"
bttp_sui_012,0.0142,SUI,R,R,1h,bttp_sui,"[42, 15, 0.7]"
bttp_sui_013,0.0142,SUI,R,R,1h,bttp_sui,"[1, 350, 0.95]"
bttp_sui_014,0.0142,SUI,R,R,1h,bttp_sui,"[1, 350, 0.85]"
bttp_sui_015,0.0142,SUI,R,R,1h,bttp_sui,"[48, 57, 0.8]"
bttp_sui_016,0.0142,SUI,R,R,1h,bttp_sui,"[2, 512, 0.85]"
bttp_sui_017,0.0142,SUI,R,R,1h,bttp_sui,"[12, 57, 0.6]"
bttp_sui_018,0.0142,SUI,R,R,1h,bttp_sui,"[18, 15, 0.7]"
bttp_tao_001,0.0218,TAO,R,B,1h,bttp_tao,"[48, 76, 1.6]"
bttp_tao_002,0.0218,TAO,R,B,1h,bttp_tao,"[48, 27, 1.6]"
bttp_tao_003,0.0218,TAO,R,B,1h,bttp_tao,"[42, 57, 1.6]"
bttp_tao_004,0.0218,TAO,R,B,1h,bttp_tao,"[48, 41, 1.6]"
bttp_tao_005,0.0218,TAO,R,B,1h,bttp_tao,"[36, 57, 1.2]"
bttp_tao_006,0.0218,TAO,R,B,1h,bttp_tao,"[48, 57, 1.2]"
bttp_tao_007,0.0218,TAO,R,B,1h,bttp_tao,"[36, 57, 1.4]"
bttp_tao_008,0.0218,TAO,R,B,1h,bttp_tao,"[36, 76, 1.8]"
bttp_tao_009,0.0218,TAO,R,B,1h,bttp_tao,"[42, 41, 1.4]"
bttp_tao_010,0.0218,TAO,R,B,1h,bttp_tao,"[1, 98, 1.4]"
bttp_tao_011,0.0218,TAO,R,B,1h,bttp_tao,"[30, 98, 2.0]"
bttp_tao_012,0.0218,TAO,R,R,1h,bttp_tao,"[4, 1292, 0.85]"
bttp_tao_013,0.0218,TAO,R,R,1h,bttp_tao,"[36, 57, 0.95]"
bttp_tao_014,0.0218,TAO,R,R,1h,bttp_tao,"[30, 1552, 0.75]"
bttp_tao_015,0.0218,TAO,R,R,1h,bttp_tao,"[30, 76, 0.8]"
bttp_tao_016,0.0218,TAO,R,R,1h,bttp_tao,"[36, 41, 0.85]"
bttp_tao_017,0.0218,TAO,R,R,1h,bttp_tao,"[18, 155, 0.9]"
bttp_tao_018,0.0218,TAO,R,R,1h,bttp_tao,"[30, 57, 0.95]"
bttp_tao_019,0.0218,TAO,R,R,1h,bttp_tao,"[30, 1292, 0.85]"
bttp_tao_020,0.0218,TAO,R,R,1h,bttp_tao,"[18, 155, 0.85]"
bttp_virtual_001,0.0328,VIRTUAL,R,B,1h,bttp_virtual,"[36, 192, 2.0]"
bttp_virtual_002,0.0328,VIRTUAL,R,B,1h,bttp_virtual,"[72, 124, 2.0]"
bttp_virtual_003,0.0328,VIRTUAL,R,B,1h,bttp_virtual,"[84, 124, 2.2]"
bttp_virtual_004,0.0328,VIRTUAL,R,B,1h,bttp_virtual,"[8, 124, 1.4]"
bttp_virtual_005,0.0328,VIRTUAL,R,B,1h,bttp_virtual,"[30, 15, 2.2]"
bttp_virtual_006,0.0328,VIRTUAL,R,B,1h,bttp_virtual,"[24, 155, 1.8]"
bttp_virtual_007,0.0328,VIRTUAL,R,B,1h,bttp_virtual,"[2, 192, 1.2]"
bttp_virtual_008,0.0328,VIRTUAL,R,B,1h,bttp_virtual,"[30, 192, 1.8]"
bttp_virtual_009,0.0328,VIRTUAL,R,B,1h,bttp_virtual,"[4, 98, 1.6]"
bttp_virtual_010,0.0328,VIRTUAL,R,B,1h,bttp_virtual,"[36, 155, 2.2]"
bttp_virtual_011,0.0328,VIRTUAL,R,R,1h,bttp_virtual,"[18, 41, 0.7]"
bttp_virtual_012,0.0328,VIRTUAL,R,R,1h,bttp_virtual,"[48, 5, 0.65]"
bttp_virtual_013,0.0328,VIRTUAL,R,R,1h,bttp_virtual,"[36, 124, 0.65]"
bttp_virtual_014,0.0328,VIRTUAL,R,R,1h,bttp_virtual,"[12, 57, 0.7]"
bttp_wif_001,0.0118,WIF,R,B,1h,bttp_wif,"[72, 155, 0.4]"
bttp_wif_002,0.0118,WIF,R,B,1h,bttp_wif,"[72, 124, 1.4]"
bttp_wif_003,0.0118,WIF,R,B,1h,bttp_wif,"[1, 350, 2.0]"
bttp_wif_004,0.0118,WIF,R,B,1h,bttp_wif,"[2, 424, 2.2]"
bttp_wif_005,0.0118,WIF,R,B,1h,bttp_wif,"[4, 350, 2.0]"
bttp_wif_006,0.0118,WIF,R,B,1h,bttp_wif,"[1, 288, 2.0]"
bttp_wif_007,0.0118,WIF,R,B,1h,bttp_wif,"[1, 512, 2.2]"
bttp_wif_008,0.0118,WIF,R,B,1h,bttp_wif,"[1, 124, 1.0]"
bttp_wif_009,0.0118,WIF,R,B,1h,bttp_wif,"[48, 192, 0.2]"
bttp_wif_010,0.0118,WIF,R,B,1h,bttp_wif,"[1, 192, 1.4]"
bttp_wif_011,0.0118,WIF,R,R,1h,bttp_wif,"[96, 155, 0.6]"
bttp_wif_012,0.0118,WIF,R,R,1h,bttp_wif,"[60, 236, 0.6]"
bttp_wif_013,0.0118,WIF,R,R,1h,bttp_wif,"[48, 236, 0.55]"
bttp_wif_014,0.0118,WIF,R,R,1h,bttp_wif,"[2, 192, 0.95]"
bttp_wif_015,0.0118,WIF,R,R,1h,bttp_wif,"[2, 350, 0.95]"
bttp_wif_016,0.0118,WIF,R,R,1h,bttp_wif,"[2, 98, 0.9]"
bttp_wif_017,0.0118,WIF,R,R,1h,bttp_wif,"[4, 236, 0.95]"
bttp_wif_018,0.0118,WIF,R,R,1h,bttp_wif,"[6, 192, 0.9]"
bttp_wif_019,0.0118,WIF,R,R,1h,bttp_wif,"[2, 192, 0.9]"
bttp_wif_020,0.0118,WIF,R,R,1h,bttp_wif,"[48, 155, 0.85]"
bttp_wif_021,0.0118,WIF,R,R,1h,bttp_wif,"[1, 124, 0.95]"
bttp_wld_001,0.0149,WLD,R,B,1h,bttp_wld,"[72, 288, 2.2]"
bttp_wld_002,0.0149,WLD,R,B,1h,bttp_wld,"[30, 236, 2.0]"
bttp_wld_003,0.0149,WLD,R,B,1h,bttp_wld,"[42, 236, 1.6]"
bttp_wld_004,0.0149,WLD,R,B,1h,bttp_wld,"[48, 236, 2.2]"
bttp_wld_005,0.0149,WLD,R,B,1h,bttp_wld,"[36, 192, 2.0]"
bttp_wld_006,0.0149,WLD,R,B,1h,bttp_wld,"[24, 1552, 1.8]"
bttp_wld_007,0.0149,WLD,R,B,1h,bttp_wld,"[24, 236, 2.0]"
bttp_wld_008,0.0149,WLD,R,B,1h,bttp_wld,"[30, 236, 2.2]"
bttp_wld_009,0.0149,WLD,R,B,1h,bttp_wld,"[48, 236, 1.8]"
bttp_wld_010,0.0149,WLD,R,R,1h,bttp_wld,"[8, 617, 0.6]"
bttp_wld_011,0.0149,WLD,R,R,1h,bttp_wld,"[1, 617, 0.6]"
bttp_wld_012,0.0149,WLD,R,R,1h,bttp_wld,"[12, 424, 0.75]"
bttp_wld_013,0.0149,WLD,R,R,1h,bttp_wld,"[6, 617, 0.6]"
bttp_wld_014,0.0149,WLD,R,R,1h,bttp_wld,"[4, 617, 0.55]"
bttp_wld_015,0.0149,WLD,R,R,1h,bttp_wld,"[4, 743, 0.5]"
bttp_wld_016,0.0149,WLD,R,R,1h,bttp_wld,"[4, 617, 0.6]"
bttp_wld_017,0.0149,WLD,R,R,1h,bttp_wld,"[2, 743, 0.65]"
bttp_wld_018,0.0149,WLD,R,R,1h,bttp_wld,"[48, 27, 0.55]"
bttp_xlm_001,0.0128,XLM,R,B,1h,bttp_xlm,"[84, 155, 0.8]"
bttp_xlm_002,0.0128,XLM,R,B,1h,bttp_xlm,"[30, 512, 1.0]"
bttp_xlm_003,0.0128,XLM,R,B,1h,bttp_xlm,"[84, 192, 0.8]"
bttp_xlm_004,0.0128,XLM,R,B,1h,bttp_xlm,"[96, 124, 1.0]"
bttp_xlm_005,0.0128,XLM,R,B,1h,bttp_xlm,"[96, 155, 0.8]"
bttp_xlm_006,0.0128,XLM,R,B,1h,bttp_xlm,"[60, 155, 0.2]"
bttp_xlm_007,0.0128,XLM,R,B,1h,bttp_xlm,"[42, 512, 0.8]"
bttp_xlm_008,0.0128,XLM,R,B,1h,bttp_xlm,"[24, 512, 1.2]"
bttp_xlm_009,0.0128,XLM,R,B,1h,bttp_xlm,"[60, 192, 0.6]"
bttp_xlm_010,0.0128,XLM,R,B,1h,bttp_xlm,"[84, 155, 1.0]"
bttp_xlm_011,0.0128,XLM,R,B,1h,bttp_xlm,"[36, 512, 1.0]"
bttp_xlm_012,0.0128,XLM,R,B,1h,bttp_xlm,"[84, 124, 0.4]"
bttp_xlm_013,0.0128,XLM,R,R,1h,bttp_xlm,"[24, 512, 0.95]"
bttp_xlm_014,0.0128,XLM,R,R,1h,bttp_xlm,"[60, 192, 0.7]"
bttp_xlm_015,0.0128,XLM,R,R,1h,bttp_xlm,"[12, 617, 0.8]"
bttp_xlm_016,0.0128,XLM,R,R,1h,bttp_xlm,"[96, 155, 0.6]"
bttp_xlm_017,0.0128,XLM,R,R,1h,bttp_xlm,"[30, 512, 0.85]"
bttp_xlm_018,0.0128,XLM,R,R,1h,bttp_xlm,"[60, 124, 0.95]"
bttp_xlm_019,0.0128,XLM,R,R,1h,bttp_xlm,"[84, 155, 0.6]"
bttp_xlm_020,0.0128,XLM,R,R,1h,bttp_xlm,"[72, 350, 0.85]"
bttp_xlm_021,0.0128,XLM,R,R,1h,bttp_xlm,"[96, 155, 0.7]"
bttp_xlm_022,0.0128,XLM,R,R,1h,bttp_xlm,"[96, 124, 0.8]"
bttp_xlm_023,0.0128,XLM,R,R,1h,bttp_xlm,"[12, 512, 0.9]"
bttp_zec_001,0.0107,ZEC,R,B,1h,bttp_zec,"[12, 512, 2.0]"
bttp_zec_002,0.0107,ZEC,R,B,1h,bttp_zec,"[1, 512, 2.2]"
bttp_zec_003,0.0107,ZEC,R,B,1h,bttp_zec,"[18, 512, 2.0]"
bttp_zec_004,0.0107,ZEC,R,B,1h,bttp_zec,"[8, 424, 2.0]"
bttp_zec_005,0.0107,ZEC,R,B,1h,bttp_zec,"[18, 288, 2.2]"
bttp_zec_006,0.0107,ZEC,R,B,1h,bttp_zec,"[1, 424, 2.0]"
bttp_zec_007,0.0107,ZEC,R,B,1h,bttp_zec,"[18, 424, 2.0]"
bttp_zec_008,0.0107,ZEC,R,B,1h,bttp_zec,"[18, 424, 1.8]"
bttp_zec_009,0.0107,ZEC,R,R,1h,bttp_zec,"[36, 512, 0.95]"
bttp_zec_010,0.0107,ZEC,R,R,1h,bttp_zec,"[48, 288, 0.95]"
bttp_zec_011,0.0107,ZEC,R,R,1h,bttp_zec,"[36, 617, 0.95]"
bttp_zec_012,0.0107,ZEC,R,R,1h,bttp_zec,"[42, 424, 0.9]"
bttp_zec_013,0.0107,ZEC,R,R,1h,bttp_zec,"[42, 1864, 0.5]"
bttp_zec_014,0.0107,ZEC,R,R,1h,bttp_zec,"[24, 1864, 0.5]"
bttp_zec_015,0.0107,ZEC,R,R,1h,bttp_zec,"[42, 424, 0.95]"
bttp_zec_016,0.0107,ZEC,R,R,1h,bttp_zec,"[1, 1864, 0.5]"
bttp_zec_017,0.0107,ZEC,R,R,1h,bttp_zec,"[18, 617, 0.9]"
bttp_zec_018,0.0107,ZEC,R,R,1h,bttp_zec,"[48, 424, 0.95]"
bttp_zec_019,0.0107,ZEC,R,R,1h,bttp_zec,"[48, 350, 0.95]"
bttp_zec_020,0.0107,ZEC,R,R,1h,bttp_zec,"[12, 424, 0.9]"
bgc_arb_001,0.0041,ARB,R,B,1h,bgc_arb,"[30, 236, 0.8]"
bgc_arb_002,0.0041,ARB,R,B,1h,bgc_arb,"[42, 192, 1.0]"
bgc_arb_003,0.0041,ARB,R,B,1h,bgc_arb,"[48, 236, 1.0]"
bgc_arb_004,0.0041,ARB,R,B,1h,bgc_arb,"[36, 192, 0.8]"
bgc_arb_005,0.0041,ARB,R,B,1h,bgc_arb,"[42, 192, 0.8]"
bgc_arb_006,0.0041,ARB,R,B,1h,bgc_arb,"[36, 1292, 1.0]"
bgc_arb_007,0.0041,ARB,R,B,1h,bgc_arb,"[48, 288, 0.2]"
bgc_arb_008,0.0041,ARB,R,B,1h,bgc_arb,"[60, 76, 0.4]"
bgc_arb_009,0.0041,ARB,R,B,1h,bgc_arb,"[30, 236, 1.0]"
bgc_arb_010,0.0041,ARB,R,B,1h,bgc_arb,"[8, 288, 0.4]"
bgc_arb_011,0.0041,ARB,R,R,1h,bgc_arb,"[6, 350, 0.7]"
bgc_arb_012,0.0041,ARB,R,R,1h,bgc_arb,"[30, 288, 0.85]"
bgc_arb_013,0.0041,ARB,R,R,1h,bgc_arb,"[48, 192, 0.75]"
bgc_arb_014,0.0041,ARB,R,R,1h,bgc_arb,"[30, 236, 0.75]"
bgc_arb_015,0.0041,ARB,R,R,1h,bgc_arb,"[12, 617, 0.75]"
bgc_arb_016,0.0041,ARB,R,R,1h,bgc_arb,"[18, 512, 0.65]"
bgc_arb_017,0.0041,ARB,R,R,1h,bgc_arb,"[12, 288, 0.75]"
bgc_arb_018,0.0041,ARB,R,R,1h,bgc_arb,"[30, 288, 0.7]"
bgc_arb_019,0.0041,ARB,R,R,1h,bgc_arb,"[42, 288, 0.8]"
bgc_arb_020,0.0041,ARB,R,R,1h,bgc_arb,"[42, 236, 0.75]"
bgc_arb_021,0.0041,ARB,R,R,1h,bgc_arb,"[36, 236, 0.8]"
bgc_arb_022,0.0041,ARB,R,R,1h,bgc_arb,"[42, 155, 0.8]"
bgc_bnb_001,0.0348,BNB,R,B,1h,bgc_bnb,"[8, 236, 0.2]"
bgc_bnb_002,0.0348,BNB,R,B,1h,bgc_bnb,"[18, 57, 0.2]"
bgc_bnb_003,0.0348,BNB,R,B,1h,bgc_bnb,"[36, 617, 1.4]"
bgc_bnb_004,0.0348,BNB,R,B,1h,bgc_bnb,"[96, 76, 1.2]"
bgc_bnb_005,0.0348,BNB,R,B,1h,bgc_bnb,"[36, 617, 1.6]"
bgc_bnb_006,0.0348,BNB,R,B,1h,bgc_bnb,"[6, 124, 2.2]"
bgc_bnb_007,0.0348,BNB,R,B,1h,bgc_bnb,"[84, 124, 0.6]"
bgc_bnb_008,0.0348,BNB,R,B,1h,bgc_bnb,"[96, 98, 1.2]"
bgc_bnb_009,0.0348,BNB,R,B,1h,bgc_bnb,"[96, 894, 1.4]"
bgc_bnb_010,0.0348,BNB,R,B,1h,bgc_bnb,"[96, 124, 1.0]"
bgc_bnb_011,0.0348,BNB,R,B,1h,bgc_bnb,"[42, 743, 1.4]"
bgc_bnb_012,0.0348,BNB,R,R,1h,bgc_bnb,"[96, 124, 0.8]"
bgc_bnb_013,0.0348,BNB,R,R,1h,bgc_bnb,"[30, 236, 0.6]"
bgc_bnb_014,0.0348,BNB,R,R,1h,bgc_bnb,"[96, 617, 0.85]"
bgc_bnb_015,0.0348,BNB,R,R,1h,bgc_bnb,"[30, 124, 0.55]"
bgc_bnb_016,0.0348,BNB,R,R,1h,bgc_bnb,"[36, 617, 0.9]"
bgc_bnb_017,0.0348,BNB,R,R,1h,bgc_bnb,"[42, 894, 0.9]"
bgc_bnb_018,0.0348,BNB,R,R,1h,bgc_bnb,"[72, 1292, 0.9]"
bgc_bnb_019,0.0348,BNB,R,R,1h,bgc_bnb,"[84, 617, 0.85]"
bgc_bnb_020,0.0348,BNB,R,R,1h,bgc_bnb,"[24, 192, 0.7]"
bgc_bnb_021,0.0348,BNB,R,R,1h,bgc_bnb,"[96, 124, 0.85]"
bgc_bnb_022,0.0348,BNB,R,R,1h,bgc_bnb,"[96, 98, 0.9]"
bgc_btc_001,0.0465,BTC,R,B,1h,bgc_btc,"[96, 98, 1.6]"
bgc_btc_002,0.0465,BTC,R,B,1h,bgc_btc,"[84, 894, 1.6]"
bgc_btc_003,0.0465,BTC,R,B,1h,bgc_btc,"[36, 1292, 0.6]"
bgc_btc_004,0.0465,BTC,R,B,1h,bgc_btc,"[96, 98, 0.8]"
bgc_btc_005,0.0465,BTC,R,B,1h,bgc_btc,"[72, 894, 2.0]"
bgc_btc_006,0.0465,BTC,R,B,1h,bgc_btc,"[60, 894, 1.6]"
bgc_btc_007,0.0465,BTC,R,B,1h,bgc_btc,"[48, 1552, 1.6]"
bgc_btc_008,0.0465,BTC,R,B,1h,bgc_btc,"[60, 2238, 0.6]"
bgc_btc_009,0.0465,BTC,R,B,1h,bgc_btc,"[24, 1292, 1.8]"
bgc_btc_010,0.0465,BTC,R,B,1h,bgc_btc,"[1, 894, 1.6]"
bgc_btc_011,0.0465,BTC,R,B,1h,bgc_btc,"[6, 743, 1.2]"
bgc_btc_012,0.0465,BTC,R,B,1h,bgc_btc,"[4, 894, 1.6]"
bgc_btc_013,0.0465,BTC,R,R,1h,bgc_btc,"[42, 124, 0.5]"
bgc_btc_014,0.0465,BTC,R,R,1h,bgc_btc,"[6, 894, 0.85]"
bgc_btc_015,0.0465,BTC,R,R,1h,bgc_btc,"[42, 124, 0.6]"
bgc_btc_016,0.0465,BTC,R,R,1h,bgc_btc,"[12, 1292, 0.85]"
bgc_btc_017,0.0465,BTC,R,R,1h,bgc_btc,"[36, 1552, 0.9]"
bgc_btc_018,0.0465,BTC,R,R,1h,bgc_btc,"[30, 1552, 0.9]"
bgc_btc_019,0.0465,BTC,R,R,1h,bgc_btc,"[42, 2238, 0.8]"
bgc_btc_020,0.0465,BTC,R,R,1h,bgc_btc,"[60, 743, 0.95]"
bgc_btc_021,0.0465,BTC,R,R,1h,bgc_btc,"[6, 1292, 0.9]"
bgc_btc_022,0.0465,BTC,R,R,1h,bgc_btc,"[4, 236, 0.95]"
bgc_btc_023,0.0465,BTC,R,R,1h,bgc_btc,"[2, 1075, 0.9]"
bgc_btc_024,0.0465,BTC,R,R,1h,bgc_btc,"[8, 894, 0.85]"
bgc_cfx_001,0.0252,CFX,R,B,1h,bgc_cfx,"[8, 41, 1.4]"
bgc_cfx_002,0.0252,CFX,R,B,1h,bgc_cfx,"[60, 124, 1.8]"
bgc_cfx_003,0.0252,CFX,R,B,1h,bgc_cfx,"[8, 27, 1.4]"
bgc_cfx_004,0.0252,CFX,R,B,1h,bgc_cfx,"[30, 27, 2.0]"
bgc_cfx_005,0.0252,CFX,R,B,1h,bgc_cfx,"[30, 15, 1.6]"
bgc_cfx_006,0.0252,CFX,R,B,1h,bgc_cfx,"[8, 236, 1.8]"
bgc_cfx_007,0.0252,CFX,R,B,1h,bgc_cfx,"[2, 236, 2.2]"
bgc_cfx_008,0.0252,CFX,R,B,1h,bgc_cfx,"[36, 15, 1.6]"
bgc_cfx_009,0.0252,CFX,R,B,1h,bgc_cfx,"[8, 41, 1.8]"
bgc_cfx_010,0.0252,CFX,R,B,1h,bgc_cfx,"[8, 155, 1.6]"
bgc_cfx_011,0.0252,CFX,R,R,1h,bgc_cfx,"[8, 155, 0.95]"
bgc_cfx_012,0.0252,CFX,R,R,1h,bgc_cfx,"[12, 41, 0.95]"
bgc_cfx_013,0.0252,CFX,R,R,1h,bgc_cfx,"[8, 41, 0.85]"
bgc_cfx_014,0.0252,CFX,R,R,1h,bgc_cfx,"[8, 76, 0.9]"
bgc_cfx_015,0.0252,CFX,R,R,1h,bgc_cfx,"[12, 76, 0.95]"
bgc_cfx_016,0.0252,CFX,R,R,1h,bgc_cfx,"[6, 192, 0.8]"
bgc_cfx_017,0.0252,CFX,R,R,1h,bgc_cfx,"[12, 288, 0.95]"
bgc_cfx_018,0.0252,CFX,R,R,1h,bgc_cfx,"[12, 124, 0.95]"
bgc_cfx_019,0.0252,CFX,R,R,1h,bgc_cfx,"[6, 155, 0.9]"
bgc_cfx_020,0.0252,CFX,R,R,1h,bgc_cfx,"[8, 192, 0.95]"
bgc_cfx_021,0.0252,CFX,R,R,1h,bgc_cfx,"[8, 41, 0.95]"
bgc_crv_001,0.0026,CRV,R,B,1h,bgc_crv,"[60, 350, 0.6]"
bgc_crv_002,0.0026,CRV,R,B,1h,bgc_crv,"[42, 350, 0.6]"
bgc_crv_003,0.0026,CRV,R,B,1h,bgc_crv,"[60, 894, 1.0]"
bgc_crv_004,0.0026,CRV,R,B,1h,bgc_crv,"[42, 512, 1.0]"
bgc_crv_005,0.0026,CRV,R,B,1h,bgc_crv,"[48, 743, 0.6]"
bgc_crv_006,0.0026,CRV,R,B,1h,bgc_crv,"[96, 512, 0.0]"
bgc_crv_007,0.0026,CRV,R,B,1h,bgc_crv,"[84, 894, 1.4]"
bgc_crv_008,0.0026,CRV,R,B,1h,bgc_crv,"[84, 424, 0.0]"
bgc_crv_009,0.0026,CRV,R,B,1h,bgc_crv,"[72, 894, 1.4]"
bgc_crv_010,0.0026,CRV,R,B,1h,bgc_crv,"[42, 512, 0.6]"
bgc_crv_011,0.0026,CRV,R,B,1h,bgc_crv,"[48, 512, 0.6]"
bgc_crv_012,0.0026,CRV,R,R,1h,bgc_crv,"[42, 512, 0.8]"
bgc_crv_013,0.0026,CRV,R,R,1h,bgc_crv,"[48, 617, 0.6]"
bgc_crv_014,0.0026,CRV,R,R,1h,bgc_crv,"[42, 743, 0.65]"
bgc_crv_015,0.0026,CRV,R,R,1h,bgc_crv,"[24, 617, 0.6]"
bgc_crv_016,0.0026,CRV,R,R,1h,bgc_crv,"[30, 617, 0.55]"
bgc_crv_017,0.0026,CRV,R,R,1h,bgc_crv,"[60, 512, 0.5]"
bgc_crv_018,0.0026,CRV,R,R,1h,bgc_crv,"[36, 512, 0.75]"
bgc_crv_019,0.0026,CRV,R,R,1h,bgc_crv,"[96, 1075, 0.9]"
bgc_doge_001,0.0024,DOGE,R,B,1h,bgc_doge,"[36, 155, 0.2]"
bgc_doge_002,0.0024,DOGE,R,B,1h,bgc_doge,"[24, 1292, 0.2]"
bgc_doge_003,0.0024,DOGE,R,B,1h,bgc_doge,"[24, 1292, 0.0]"
bgc_doge_004,0.0024,DOGE,R,B,1h,bgc_doge,"[30, 98, 0.8]"
bgc_doge_005,0.0024,DOGE,R,B,1h,bgc_doge,"[36, 236, 0.0]"
bgc_doge_006,0.0024,DOGE,R,B,1h,bgc_doge,"[30, 288, 0.2]"
bgc_doge_007,0.0024,DOGE,R,B,1h,bgc_doge,"[42, 124, 1.0]"
bgc_doge_008,0.0024,DOGE,R,B,1h,bgc_doge,"[36, 155, 0.8]"
bgc_doge_009,0.0024,DOGE,R,B,1h,bgc_doge,"[96, 1552, 0.8]"
bgc_doge_010,0.0024,DOGE,R,B,1h,bgc_doge,"[30, 1292, 0.0]"
bgc_doge_011,0.0024,DOGE,R,B,1h,bgc_doge,"[60, 1864, 0.8]"
bgc_doge_012,0.0024,DOGE,R,B,1h,bgc_doge,"[36, 1552, 0.6]"
bgc_doge_013,0.0024,DOGE,R,R,1h,bgc_doge,"[24, 192, 0.65]"
bgc_doge_014,0.0024,DOGE,R,R,1h,bgc_doge,"[30, 1075, 0.6]"
bgc_doge_015,0.0024,DOGE,R,R,1h,bgc_doge,"[18, 1292, 0.55]"
bgc_doge_016,0.0024,DOGE,R,R,1h,bgc_doge,"[8, 1292, 0.55]"
bgc_doge_017,0.0024,DOGE,R,R,1h,bgc_doge,"[24, 192, 0.7]"
bgc_doge_018,0.0024,DOGE,R,R,1h,bgc_doge,"[30, 236, 0.55]"
bgc_doge_019,0.0024,DOGE,R,R,1h,bgc_doge,"[8, 192, 0.55]"
bgc_doge_020,0.0024,DOGE,R,R,1h,bgc_doge,"[36, 512, 0.5]"
bgc_doge_021,0.0024,DOGE,R,R,1h,bgc_doge,"[42, 124, 0.8]"
bgc_doge_022,0.0024,DOGE,R,R,1h,bgc_doge,"[42, 236, 0.5]"
bgc_doge_023,0.0024,DOGE,R,R,1h,bgc_doge,"[24, 512, 0.5]"
bgc_doge_024,0.0024,DOGE,R,R,1h,bgc_doge,"[30, 1292, 0.55]"
bgc_fet_001,0.017,FET,R,B,1h,bgc_fet,"[48, 57, 1.4]"
bgc_fet_002,0.017,FET,R,B,1h,bgc_fet,"[48, 57, 1.8]"
bgc_fet_003,0.017,FET,R,B,1h,bgc_fet,"[48, 41, 1.4]"
bgc_fet_004,0.017,FET,R,B,1h,bgc_fet,"[36, 76, 1.2]"
bgc_fet_005,0.017,FET,R,B,1h,bgc_fet,"[4, 76, 1.6]"
bgc_fet_006,0.017,FET,R,B,1h,bgc_fet,"[36, 192, 1.6]"
bgc_fet_007,0.017,FET,R,B,1h,bgc_fet,"[42, 155, 1.6]"
bgc_fet_008,0.017,FET,R,B,1h,bgc_fet,"[48, 192, 1.8]"
bgc_fet_009,0.017,FET,R,B,1h,bgc_fet,"[48, 57, 1.6]"
bgc_hbar_001,0.0056,HBAR,R,B,1h,bgc_hbar,"[30, 1292, 1.0]"
bgc_hbar_002,0.0056,HBAR,R,B,1h,bgc_hbar,"[8, 1292, 1.2]"
bgc_hbar_003,0.0056,HBAR,R,B,1h,bgc_hbar,"[6, 894, 1.0]"
bgc_hbar_004,0.0056,HBAR,R,B,1h,bgc_hbar,"[4, 1292, 1.0]"
bgc_hbar_005,0.0056,HBAR,R,B,1h,bgc_hbar,"[12, 1075, 1.0]"
bgc_hbar_006,0.0056,HBAR,R,B,1h,bgc_hbar,"[6, 1292, 1.0]"
bgc_hbar_007,0.0056,HBAR,R,B,1h,bgc_hbar,"[24, 1552, 0.8]"
bgc_hbar_008,0.0056,HBAR,R,B,1h,bgc_hbar,"[12, 1292, 1.0]"
bgc_hbar_009,0.0056,HBAR,R,R,1h,bgc_hbar,"[8, 1292, 0.85]"
bgc_hbar_010,0.0056,HBAR,R,R,1h,bgc_hbar,"[48, 1075, 0.7]"
bgc_hbar_011,0.0056,HBAR,R,R,1h,bgc_hbar,"[4, 894, 0.8]"
bgc_hbar_012,0.0056,HBAR,R,R,1h,bgc_hbar,"[12, 1292, 0.8]"
bgc_hbar_013,0.0056,HBAR,R,R,1h,bgc_hbar,"[36, 1075, 0.7]"
bgc_hbar_014,0.0056,HBAR,R,R,1h,bgc_hbar,"[12, 1292, 0.9]"
bgc_icp_001,0.0292,ICP,R,B,1h,bgc_icp,"[36, 288, 1.0]"
bgc_icp_002,0.0292,ICP,R,B,1h,bgc_icp,"[4, 192, 2.0]"
bgc_icp_003,0.0292,ICP,R,B,1h,bgc_icp,"[2, 288, 1.6]"
bgc_icp_004,0.0292,ICP,R,B,1h,bgc_icp,"[2, 192, 2.0]"
bgc_icp_005,0.0292,ICP,R,B,1h,bgc_icp,"[18, 155, 0.0]"
bgc_icp_006,0.0292,ICP,R,B,1h,bgc_icp,"[6, 424, 1.4]"
bgc_icp_007,0.0292,ICP,R,B,1h,bgc_icp,"[4, 236, 2.0]"
bgc_icp_008,0.0292,ICP,R,B,1h,bgc_icp,"[1, 236, 1.8]"
bgc_icp_009,0.0292,ICP,R,B,1h,bgc_icp,"[2, 236, 2.0]"
bgc_icp_010,0.0292,ICP,R,B,1h,bgc_icp,"[6, 288, 2.2]"
bgc_near_001,0.0036,NEAR,R,B,1h,bgc_near,"[60, 236, 0.4]"
bgc_near_002,0.0036,NEAR,R,B,1h,bgc_near,"[36, 236, 0.0]"
bgc_near_003,0.0036,NEAR,R,B,1h,bgc_near,"[72, 155, 0.8]"
bgc_near_004,0.0036,NEAR,R,B,1h,bgc_near,"[84, 743, 1.4]"
bgc_near_005,0.0036,NEAR,R,B,1h,bgc_near,"[24, 236, 0.0]"
bgc_near_006,0.0036,NEAR,R,B,1h,bgc_near,"[96, 894, 1.6]"
bgc_near_007,0.0036,NEAR,R,B,1h,bgc_near,"[60, 192, 1.2]"
bgc_near_008,0.0036,NEAR,R,B,1h,bgc_near,"[96, 192, 1.4]"
bgc_near_009,0.0036,NEAR,R,B,1h,bgc_near,"[60, 512, 1.0]"
bgc_near_010,0.0036,NEAR,R,B,1h,bgc_near,"[96, 894, 1.4]"
bgc_near_011,0.0036,NEAR,R,B,1h,bgc_near,"[42, 1075, 1.4]"
bgc_near_012,0.0036,NEAR,R,R,1h,bgc_near,"[30, 512, 0.75]"
bgc_near_013,0.0036,NEAR,R,R,1h,bgc_near,"[84, 192, 0.65]"
bgc_near_014,0.0036,NEAR,R,R,1h,bgc_near,"[24, 512, 0.65]"
bgc_near_015,0.0036,NEAR,R,R,1h,bgc_near,"[30, 424, 0.7]"
bgc_near_016,0.0036,NEAR,R,R,1h,bgc_near,"[36, 424, 0.65]"
bgc_near_017,0.0036,NEAR,R,R,1h,bgc_near,"[48, 288, 0.5]"
bgc_near_018,0.0036,NEAR,R,R,1h,bgc_near,"[30, 424, 0.6]"
bgc_near_019,0.0036,NEAR,R,R,1h,bgc_near,"[36, 288, 0.55]"
bgc_near_020,0.0036,NEAR,R,R,1h,bgc_near,"[96, 192, 0.7]"
bgc_near_021,0.0036,NEAR,R,R,1h,bgc_near,"[30, 512, 0.6]"
bgc_tao_001,0.0269,TAO,R,B,1h,bgc_tao,"[4, 424, 1.8]"
bgc_tao_002,0.0269,TAO,R,B,1h,bgc_tao,"[8, 124, 1.8]"
bgc_tao_003,0.0269,TAO,R,B,1h,bgc_tao,"[1, 1075, 1.4]"
bgc_tao_004,0.0269,TAO,R,B,1h,bgc_tao,"[6, 98, 2.0]"
bgc_tao_005,0.0269,TAO,R,B,1h,bgc_tao,"[6, 124, 1.4]"
bgc_tao_006,0.0269,TAO,R,B,1h,bgc_tao,"[2, 124, 1.2]"
bgc_tao_007,0.0269,TAO,R,B,1h,bgc_tao,"[2, 512, 1.0]"
bgc_tao_008,0.0269,TAO,R,B,1h,bgc_tao,"[4, 124, 1.4]"
bgc_tao_009,0.0269,TAO,R,B,1h,bgc_tao,"[6, 98, 1.8]"
bgc_tao_010,0.0269,TAO,R,B,1h,bgc_tao,"[4, 98, 1.6]"
bgc_tao_011,0.0269,TAO,R,B,1h,bgc_tao,"[6, 124, 1.6]"
bgc_tao_012,0.0269,TAO,R,B,1h,bgc_tao,"[12, 424, 1.8]"
bgc_ton_001,0.0267,TON,R,B,1h,bgc_ton,"[96, 124, 2.2]"
bgc_ton_002,0.0267,TON,R,B,1h,bgc_ton,"[12, 155, 0.4]"
bgc_ton_003,0.0267,TON,R,B,1h,bgc_ton,"[6, 192, 0.2]"
bgc_ton_004,0.0267,TON,R,B,1h,bgc_ton,"[84, 124, 2.0]"
bgc_ton_005,0.0267,TON,R,B,1h,bgc_ton,"[60, 192, 2.2]"
bgc_ton_006,0.0267,TON,R,B,1h,bgc_ton,"[36, 424, 1.0]"
bgc_ton_007,0.0267,TON,R,B,1h,bgc_ton,"[42, 124, 0.8]"
bgc_ton_008,0.0267,TON,R,B,1h,bgc_ton,"[18, 192, 0.8]"
bgc_ton_009,0.0267,TON,R,B,1h,bgc_ton,"[12, 76, 0.0]"
bgc_uni_001,0.0383,UNI,R,B,1h,bgc_uni,"[1, 236, 2.0]"
bgc_uni_002,0.0383,UNI,R,B,1h,bgc_uni,"[1, 424, 2.2]"
bgc_uni_003,0.0383,UNI,R,B,1h,bgc_uni,"[1, 1864, 2.2]"
bgc_uni_004,0.0383,UNI,R,B,1h,bgc_uni,"[1, 350, 1.8]"
bgc_uni_005,0.0383,UNI,R,B,1h,bgc_uni,"[48, 617, 0.4]"
bgc_uni_006,0.0383,UNI,R,B,1h,bgc_uni,"[2, 1864, 2.2]"
bgc_uni_007,0.0383,UNI,R,B,1h,bgc_uni,"[1, 2238, 2.2]"
bgc_uni_008,0.0383,UNI,R,B,1h,bgc_uni,"[4, 155, 2.2]"
bgc_uni_009,0.0383,UNI,R,B,1h,bgc_uni,"[8, 512, 1.2]"
bgc_uni_010,0.0383,UNI,R,B,1h,bgc_uni,"[1, 1292, 2.0]"
bgc_virtual_001,0.0251,VIRTUAL,R,B,1h,bgc_virtual,"[24, 1552, 1.0]"
bgc_virtual_002,0.0251,VIRTUAL,R,B,1h,bgc_virtual,"[42, 1075, 0.8]"
bgc_virtual_003,0.0251,VIRTUAL,R,B,1h,bgc_virtual,"[30, 1552, 1.0]"
bgc_virtual_004,0.0251,VIRTUAL,R,B,1h,bgc_virtual,"[24, 1075, 1.0]"
bgc_virtual_005,0.0251,VIRTUAL,R,B,1h,bgc_virtual,"[12, 1292, 0.8]"
bgc_virtual_006,0.0251,VIRTUAL,R,B,1h,bgc_virtual,"[4, 1864, 0.8]"
bgc_virtual_007,0.0251,VIRTUAL,R,B,1h,bgc_virtual,"[18, 1552, 0.8]"
bgc_virtual_008,0.0251,VIRTUAL,R,B,1h,bgc_virtual,"[12, 743, 0.8]"
bgc_virtual_009,0.0251,VIRTUAL,R,B,1h,bgc_virtual,"[48, 1552, 1.0]"
bgc_virtual_010,0.0251,VIRTUAL,R,B,1h,bgc_virtual,"[96, 192, 2.2]"
bgc_virtual_011,0.0251,VIRTUAL,R,B,1h,bgc_virtual,"[6, 1864, 0.8]"
bgc_virtual_012,0.0251,VIRTUAL,R,R,1h,bgc_virtual,"[30, 1292, 0.85]"
bgc_virtual_013,0.0251,VIRTUAL,R,R,1h,bgc_virtual,"[18, 1552, 0.75]"
bgc_virtual_014,0.0251,VIRTUAL,R,R,1h,bgc_virtual,"[24, 1552, 0.8]"
bgc_virtual_015,0.0251,VIRTUAL,R,R,1h,bgc_virtual,"[24, 1292, 0.8]"
bgc_virtual_016,0.0251,VIRTUAL,R,R,1h,bgc_virtual,"[1, 743, 0.95]"
bgc_virtual_017,0.0251,VIRTUAL,R,R,1h,bgc_virtual,"[18, 1552, 0.8]"
bgc_virtual_018,0.0251,VIRTUAL,R,R,1h,bgc_virtual,"[12, 1864, 0.85]"
bgc_virtual_019,0.0251,VIRTUAL,R,R,1h,bgc_virtual,"[42, 1292, 0.9]"
bgc_virtual_020,0.0251,VIRTUAL,R,R,1h,bgc_virtual,"[18, 1864, 0.8]"
bgc_zec_001,0.0074,ZEC,R,B,1h,bgc_zec,"[72, 1292, 0.4]"
bgc_zec_002,0.0074,ZEC,R,B,1h,bgc_zec,"[60, 1075, 0.4]"
bgc_zec_003,0.0074,ZEC,R,B,1h,bgc_zec,"[30, 288, 1.0]"
bgc_zec_004,0.0074,ZEC,R,B,1h,bgc_zec,"[30, 76, 2.2]"
bgc_zec_005,0.0074,ZEC,R,B,1h,bgc_zec,"[42, 1075, 0.2]"
bgc_zec_006,0.0074,ZEC,R,B,1h,bgc_zec,"[6, 1552, 0.2]"
bgc_zec_007,0.0074,ZEC,R,B,1h,bgc_zec,"[18, 1292, 0.0]"
bgc_zec_008,0.0074,ZEC,R,B,1h,bgc_zec,"[96, 1292, 0.4]"
bgc_zec_009,0.0074,ZEC,R,B,1h,bgc_zec,"[60, 1292, 0.4]"
bgc_zec_010,0.0074,ZEC,R,B,1h,bgc_zec,"[24, 1075, 0.2]"
bgc_zec_011,0.0074,ZEC,R,R,1h,bgc_zec,"[36, 192, 0.65]"
bgc_zec_012,0.0074,ZEC,R,R,1h,bgc_zec,"[42, 288, 0.75]"
bgc_zec_013,0.0074,ZEC,R,R,1h,bgc_zec,"[30, 512, 0.85]"
bgc_zec_014,0.0074,ZEC,R,R,1h,bgc_zec,"[36, 350, 0.85]"
bgc_zec_015,0.0074,ZEC,R,R,1h,bgc_zec,"[30, 192, 0.65]"
bgc_zec_016,0.0074,ZEC,R,R,1h,bgc_zec,"[18, 288, 0.65]"
bgc_zec_017,0.0074,ZEC,R,R,1h,bgc_zec,"[42, 1075, 0.5]"
bgc_zec_018,0.0074,ZEC,R,R,1h,bgc_zec,"[18, 1552, 0.6]"
bgc_zec_019,0.0074,ZEC,R,R,1h,bgc_zec,"[30, 288, 0.8]"
bgc_zec_020,0.0074,ZEC,R,R,1h,bgc_zec,"[30, 288, 0.85]"
bgc_zec_021,0.0074,ZEC,R,R,1h,bgc_zec,"[24, 288, 0.8]"
btta_arb_001,0.0113,ARB,R,B,1h,btta_arb,"[60, 155, 0.6]"
btta_arb_002,0.0113,ARB,R,B,1h,btta_arb,"[72, 155, 0.8]"
btta_arb_003,0.0113,ARB,R,B,1h,btta_arb,"[72, 894, 1.0]"
btta_arb_004,0.0113,ARB,R,B,1h,btta_arb,"[60, 192, 1.0]"
btta_arb_005,0.0113,ARB,R,B,1h,btta_arb,"[72, 236, 1.0]"
btta_arb_006,0.0113,ARB,R,B,1h,btta_arb,"[72, 350, 1.4]"
btta_arb_007,0.0113,ARB,R,B,1h,btta_arb,"[96, 894, 1.2]"
btta_arb_008,0.0113,ARB,R,B,1h,btta_arb,"[72, 192, 0.8]"
btta_arb_009,0.0113,ARB,R,B,1h,btta_arb,"[60, 236, 1.2]"
btta_arb_010,0.0113,ARB,R,B,1h,btta_arb,"[72, 155, 1.0]"
btta_arb_011,0.0113,ARB,R,B,1h,btta_arb,"[48, 743, 1.2]"
btta_arb_012,0.0113,ARB,R,B,1h,btta_arb,"[36, 155, 0.6]"
btta_arb_013,0.0113,ARB,R,R,1h,btta_arb,"[60, 155, 0.7]"
btta_arb_014,0.0113,ARB,R,R,1h,btta_arb,"[60, 155, 0.65]"
btta_arb_015,0.0113,ARB,R,R,1h,btta_arb,"[60, 236, 0.8]"
btta_arb_016,0.0113,ARB,R,R,1h,btta_arb,"[72, 236, 0.8]"
btta_arb_017,0.0113,ARB,R,R,1h,btta_arb,"[72, 192, 0.75]"
btta_arb_018,0.0113,ARB,R,R,1h,btta_arb,"[72, 288, 0.9]"
btta_arb_019,0.0113,ARB,R,R,1h,btta_arb,"[72, 350, 0.9]"
btta_arb_020,0.0113,ARB,R,R,1h,btta_arb,"[72, 350, 0.85]"
btta_arb_021,0.0113,ARB,R,R,1h,btta_arb,"[60, 350, 0.9]"
btta_arb_022,0.0113,ARB,R,R,1h,btta_arb,"[60, 350, 0.95]"
btta_bnb_001,0.0333,BNB,R,B,1h,btta_bnb,"[96, 192, 0.4]"
btta_bnb_002,0.0333,BNB,R,B,1h,btta_bnb,"[72, 236, 0.4]"
btta_bnb_003,0.0333,BNB,R,B,1h,btta_bnb,"[48, 288, 1.2]"
btta_bnb_004,0.0333,BNB,R,B,1h,btta_bnb,"[12, 236, 0.0]"
btta_bnb_005,0.0333,BNB,R,B,1h,btta_bnb,"[30, 236, 0.0]"
btta_bnb_006,0.0333,BNB,R,B,1h,btta_bnb,"[96, 236, 1.0]"
btta_bnb_007,0.0333,BNB,R,B,1h,btta_bnb,"[96, 98, 0.2]"
btta_bnb_008,0.0333,BNB,R,B,1h,btta_bnb,"[30, 236, 1.4]"
btta_bnb_009,0.0333,BNB,R,B,1h,btta_bnb,"[72, 236, 0.2]"
btta_bnb_010,0.0333,BNB,R,B,1h,btta_bnb,"[84, 124, 1.4]"
btta_bnb_011,0.0333,BNB,R,B,1h,btta_bnb,"[24, 236, 0.2]"
btta_bnb_012,0.0333,BNB,R,B,1h,btta_bnb,"[18, 288, 0.2]"
btta_bnb_013,0.0333,BNB,R,R,1h,btta_bnb,"[84, 155, 0.75]"
btta_bnb_014,0.0333,BNB,R,R,1h,btta_bnb,"[48, 155, 0.8]"
btta_bnb_015,0.0333,BNB,R,R,1h,btta_bnb,"[36, 236, 0.9]"
btta_bnb_016,0.0333,BNB,R,R,1h,btta_bnb,"[60, 155, 0.85]"
btta_bnb_017,0.0333,BNB,R,R,1h,btta_bnb,"[48, 124, 0.8]"
btta_bnb_018,0.0333,BNB,R,R,1h,btta_bnb,"[48, 743, 0.9]"
btta_bnb_019,0.0333,BNB,R,R,1h,btta_bnb,"[18, 424, 0.5]"
btta_bnb_020,0.0333,BNB,R,R,1h,btta_bnb,"[60, 124, 0.85]"
btta_bnb_021,0.0333,BNB,R,R,1h,btta_bnb,"[18, 236, 0.55]"
btta_bnb_022,0.0333,BNB,R,R,1h,btta_bnb,"[60, 124, 0.8]"
btta_bnb_023,0.0333,BNB,R,R,1h,btta_bnb,"[48, 155, 0.95]"
btta_bnb_024,0.0333,BNB,R,R,1h,btta_bnb,"[18, 350, 0.6]"
btta_btc_001,0.0415,BTC,R,B,1h,btta_btc,"[42, 1075, 0.0]"
btta_btc_002,0.0415,BTC,R,B,1h,btta_btc,"[96, 98, 1.0]"
btta_btc_003,0.0415,BTC,R,B,1h,btta_btc,"[96, 98, 0.6]"
btta_btc_004,0.0415,BTC,R,B,1h,btta_btc,"[36, 236, 0.8]"
btta_btc_005,0.0415,BTC,R,B,1h,btta_btc,"[96, 76, 0.6]"
btta_btc_006,0.0415,BTC,R,B,1h,btta_btc,"[72, 2238, 0.4]"
btta_btc_007,0.0415,BTC,R,B,1h,btta_btc,"[84, 192, 1.6]"
btta_btc_008,0.0415,BTC,R,B,1h,btta_btc,"[48, 1552, 1.6]"
btta_btc_009,0.0415,BTC,R,B,1h,btta_btc,"[96, 57, 0.2]"
btta_btc_010,0.0415,BTC,R,B,1h,btta_btc,"[72, 1552, 0.0]"
btta_btc_011,0.0415,BTC,R,B,1h,btta_btc,"[42, 124, 2.2]"
btta_btc_012,0.0415,BTC,R,B,1h,btta_btc,"[96, 76, 1.2]"
btta_btc_013,0.0415,BTC,R,R,1h,btta_btc,"[96, 76, 0.55]"
btta_btc_014,0.0415,BTC,R,R,1h,btta_btc,"[96, 57, 0.6]"
btta_btc_015,0.0415,BTC,R,R,1h,btta_btc,"[36, 1075, 0.8]"
btta_btc_016,0.0415,BTC,R,R,1h,btta_btc,"[60, 155, 0.75]"
btta_btc_017,0.0415,BTC,R,R,1h,btta_btc,"[30, 1552, 0.85]"
btta_btc_018,0.0415,BTC,R,R,1h,btta_btc,"[42, 1552, 0.9]"
btta_btc_019,0.0415,BTC,R,R,1h,btta_btc,"[48, 1552, 0.9]"
btta_btc_020,0.0415,BTC,R,R,1h,btta_btc,"[18, 1552, 0.85]"
btta_btc_021,0.0415,BTC,R,R,1h,btta_btc,"[6, 894, 0.85]"
btta_btc_022,0.0415,BTC,R,R,1h,btta_btc,"[6, 1292, 0.8]"
btta_btc_023,0.0415,BTC,R,R,1h,btta_btc,"[30, 1292, 0.8]"
btta_btc_024,0.0415,BTC,R,R,1h,btta_btc,"[36, 1292, 0.75]"
btta_dot_001,0.0146,DOT,R,B,1h,btta_dot,"[84, 617, 0.4]"
btta_dot_002,0.0146,DOT,R,B,1h,btta_dot,"[4, 236, 2.2]"
btta_dot_003,0.0146,DOT,R,B,1h,btta_dot,"[36, 743, 0.6]"
btta_dot_004,0.0146,DOT,R,B,1h,btta_dot,"[96, 617, 0.4]"
btta_dot_005,0.0146,DOT,R,B,1h,btta_dot,"[48, 192, 0.8]"
btta_dot_006,0.0146,DOT,R,B,1h,btta_dot,"[2, 236, 2.0]"
btta_dot_007,0.0146,DOT,R,B,1h,btta_dot,"[42, 350, 0.0]"
btta_dot_008,0.0146,DOT,R,B,1h,btta_dot,"[84, 288, 0.8]"
btta_dot_009,0.0146,DOT,R,B,1h,btta_dot,"[84, 155, 0.8]"
btta_dot_010,0.0146,DOT,R,R,1h,btta_dot,"[42, 236, 0.7]"
btta_dot_011,0.0146,DOT,R,R,1h,btta_dot,"[48, 192, 0.85]"
btta_dot_012,0.0146,DOT,R,R,1h,btta_dot,"[36, 236, 0.75]"
btta_dot_013,0.0146,DOT,R,R,1h,btta_dot,"[48, 743, 0.75]"
btta_dot_014,0.0146,DOT,R,R,1h,btta_dot,"[96, 192, 0.75]"
btta_dot_015,0.0146,DOT,R,R,1h,btta_dot,"[96, 617, 0.65]"
btta_dot_016,0.0146,DOT,R,R,1h,btta_dot,"[96, 124, 0.9]"
btta_dot_017,0.0146,DOT,R,R,1h,btta_dot,"[36, 743, 0.75]"
btta_dot_018,0.0146,DOT,R,R,1h,btta_dot,"[42, 350, 0.75]"
btta_fil_001,0.0203,FIL,R,B,1h,btta_fil,"[60, 1292, 1.4]"
btta_fil_002,0.0203,FIL,R,B,1h,btta_fil,"[84, 350, 0.2]"
btta_fil_003,0.0203,FIL,R,B,1h,btta_fil,"[12, 1292, 1.2]"
btta_fil_004,0.0203,FIL,R,B,1h,btta_fil,"[60, 1864, 1.4]"
btta_fil_005,0.0203,FIL,R,B,1h,btta_fil,"[60, 894, 1.6]"
btta_fil_006,0.0203,FIL,R,B,1h,btta_fil,"[84, 1075, 1.4]"
btta_fil_007,0.0203,FIL,R,B,1h,btta_fil,"[12, 1552, 1.0]"
btta_fil_008,0.0203,FIL,R,B,1h,btta_fil,"[60, 617, 2.0]"
btta_fil_009,0.0203,FIL,R,B,1h,btta_fil,"[60, 1552, 1.2]"
btta_fil_010,0.0203,FIL,R,B,1h,btta_fil,"[72, 1292, 1.4]"
btta_fil_011,0.0203,FIL,R,B,1h,btta_fil,"[48, 1292, 1.4]"
btta_fil_012,0.0203,FIL,R,R,1h,btta_fil,"[96, 1075, 0.95]"
btta_fil_013,0.0203,FIL,R,R,1h,btta_fil,"[18, 1075, 0.85]"
btta_fil_014,0.0203,FIL,R,R,1h,btta_fil,"[12, 894, 0.85]"
btta_fil_015,0.0203,FIL,R,R,1h,btta_fil,"[72, 288, 0.95]"
btta_fil_016,0.0203,FIL,R,R,1h,btta_fil,"[18, 1292, 0.85]"
btta_fil_017,0.0203,FIL,R,R,1h,btta_fil,"[30, 894, 0.8]"
btta_fil_018,0.0203,FIL,R,R,1h,btta_fil,"[72, 1075, 0.9]"
btta_fil_019,0.0203,FIL,R,R,1h,btta_fil,"[12, 1552, 0.85]"
btta_fil_020,0.0203,FIL,R,R,1h,btta_fil,"[36, 743, 0.8]"
btta_fil_021,0.0203,FIL,R,R,1h,btta_fil,"[60, 743, 0.85]"
btta_fil_022,0.0203,FIL,R,R,1h,btta_fil,"[72, 288, 0.55]"
btta_hbar_001,0.0044,HBAR,R,B,1h,btta_hbar,"[96, 1552, 0.8]"
btta_hbar_002,0.0044,HBAR,R,B,1h,btta_hbar,"[60, 894, 0.4]"
btta_hbar_003,0.0044,HBAR,R,B,1h,btta_hbar,"[12, 894, 1.0]"
btta_hbar_004,0.0044,HBAR,R,B,1h,btta_hbar,"[48, 424, 0.4]"
btta_hbar_005,0.0044,HBAR,R,B,1h,btta_hbar,"[48, 350, 0.6]"
btta_hbar_006,0.0044,HBAR,R,B,1h,btta_hbar,"[12, 1552, 1.2]"
btta_hbar_007,0.0044,HBAR,R,B,1h,btta_hbar,"[4, 2238, 1.2]"
btta_hbar_008,0.0044,HBAR,R,B,1h,btta_hbar,"[48, 1292, 0.6]"
btta_hbar_009,0.0044,HBAR,R,B,1h,btta_hbar,"[12, 894, 1.2]"
btta_hbar_010,0.0044,HBAR,R,B,1h,btta_hbar,"[42, 1292, 0.6]"
btta_hbar_011,0.0044,HBAR,R,B,1h,btta_hbar,"[18, 1292, 1.0]"
btta_hbar_012,0.0044,HBAR,R,R,1h,btta_hbar,"[60, 1075, 0.7]"
btta_hbar_013,0.0044,HBAR,R,R,1h,btta_hbar,"[36, 1075, 0.55]"
btta_hbar_014,0.0044,HBAR,R,R,1h,btta_hbar,"[60, 617, 0.5]"
btta_hbar_015,0.0044,HBAR,R,R,1h,btta_hbar,"[18, 1075, 0.85]"
btta_hbar_016,0.0044,HBAR,R,R,1h,btta_hbar,"[4, 2238, 0.9]"
btta_hbar_017,0.0044,HBAR,R,R,1h,btta_hbar,"[12, 1552, 0.85]"
btta_hbar_018,0.0044,HBAR,R,R,1h,btta_hbar,"[48, 1075, 0.55]"
btta_hbar_019,0.0044,HBAR,R,R,1h,btta_hbar,"[60, 2238, 0.85]"
btta_hbar_020,0.0044,HBAR,R,R,1h,btta_hbar,"[24, 1075, 0.8]"
btta_hbar_021,0.0044,HBAR,R,R,1h,btta_hbar,"[18, 1075, 0.8]"
btta_icp_001,0.0049,ICP,R,B,1h,btta_icp,"[42, 288, 0.8]"
btta_icp_002,0.0049,ICP,R,B,1h,btta_icp,"[84, 192, 1.0]"
btta_icp_003,0.0049,ICP,R,B,1h,btta_icp,"[2, 155, 2.2]"
btta_icp_004,0.0049,ICP,R,B,1h,btta_icp,"[30, 288, 1.0]"
btta_icp_005,0.0049,ICP,R,B,1h,btta_icp,"[72, 743, 0.6]"
btta_icp_006,0.0049,ICP,R,B,1h,btta_icp,"[12, 743, 1.2]"
btta_icp_007,0.0049,ICP,R,B,1h,btta_icp,"[84, 98, 0.0]"
btta_icp_008,0.0049,ICP,R,B,1h,btta_icp,"[96, 124, 0.8]"
btta_icp_009,0.0049,ICP,R,B,1h,btta_icp,"[42, 236, 0.8]"
btta_icp_010,0.0049,ICP,R,B,1h,btta_icp,"[84, 192, 1.4]"
btta_icp_011,0.0049,ICP,R,B,1h,btta_icp,"[42, 155, 0.4]"
btta_icp_012,0.0049,ICP,R,R,1h,btta_icp,"[96, 192, 0.75]"
btta_icp_013,0.0049,ICP,R,R,1h,btta_icp,"[60, 424, 0.55]"
btta_icp_014,0.0049,ICP,R,R,1h,btta_icp,"[84, 288, 0.65]"
btta_icp_015,0.0049,ICP,R,R,1h,btta_icp,"[48, 288, 0.65]"
btta_icp_016,0.0049,ICP,R,R,1h,btta_icp,"[84, 894, 0.65]"
btta_icp_017,0.0049,ICP,R,R,1h,btta_icp,"[84, 236, 0.75]"
btta_icp_018,0.0049,ICP,R,R,1h,btta_icp,"[84, 743, 0.7]"
btta_icp_019,0.0049,ICP,R,R,1h,btta_icp,"[72, 192, 0.85]"
btta_icp_020,0.0049,ICP,R,R,1h,btta_icp,"[24, 1075, 0.85]"
btta_icp_021,0.0049,ICP,R,R,1h,btta_icp,"[42, 288, 0.6]"
btta_link_001,0.0144,LINK,R,B,1h,btta_link,"[48, 155, 1.6]"
btta_link_002,0.0144,LINK,R,B,1h,btta_link,"[60, 124, 1.2]"
btta_link_003,0.0144,LINK,R,B,1h,btta_link,"[36, 288, 0.8]"
btta_link_004,0.0144,LINK,R,B,1h,btta_link,"[12, 236, 0.2]"
btta_link_005,0.0144,LINK,R,B,1h,btta_link,"[36, 192, 0.8]"
btta_link_006,0.0144,LINK,R,B,1h,btta_link,"[48, 1292, 1.8]"
btta_link_007,0.0144,LINK,R,B,1h,btta_link,"[60, 124, 0.6]"
btta_link_008,0.0144,LINK,R,B,1h,btta_link,"[60, 192, 0.8]"
btta_link_009,0.0144,LINK,R,B,1h,btta_link,"[60, 155, 1.2]"
btta_link_010,0.0144,LINK,R,R,1h,btta_link,"[36, 155, 0.7]"
btta_link_011,0.0144,LINK,R,R,1h,btta_link,"[72, 192, 0.75]"
btta_link_012,0.0144,LINK,R,R,1h,btta_link,"[72, 124, 0.95]"
btta_link_013,0.0144,LINK,R,R,1h,btta_link,"[12, 350, 0.6]"
btta_link_014,0.0144,LINK,R,R,1h,btta_link,"[8, 424, 0.7]"
btta_link_015,0.0144,LINK,R,R,1h,btta_link,"[18, 350, 0.7]"
btta_link_016,0.0144,LINK,R,R,1h,btta_link,"[12, 424, 0.5]"
btta_link_017,0.0144,LINK,R,R,1h,btta_link,"[48, 192, 0.6]"
btta_link_018,0.0144,LINK,R,R,1h,btta_link,"[72, 288, 0.8]"
btta_link_019,0.0144,LINK,R,R,1h,btta_link,"[72, 155, 0.75]"
btta_link_020,0.0144,LINK,R,R,1h,btta_link,"[60, 192, 0.75]"
btta_trx_001,0.0461,TRX,R,B,1h,btta_trx,"[72, 1292, 1.0]"
btta_trx_002,0.0461,TRX,R,B,1h,btta_trx,"[84, 894, 1.4]"
btta_trx_003,0.0461,TRX,R,B,1h,btta_trx,"[36, 894, 1.6]"
btta_trx_004,0.0461,TRX,R,B,1h,btta_trx,"[48, 1292, 1.0]"
btta_trx_005,0.0461,TRX,R,B,1h,btta_trx,"[8, 1292, 1.2]"
btta_trx_006,0.0461,TRX,R,B,1h,btta_trx,"[30, 1552, 0.0]"
btta_trx_007,0.0461,TRX,R,B,1h,btta_trx,"[72, 1075, 0.6]"
btta_trx_008,0.0461,TRX,R,B,1h,btta_trx,"[72, 1075, 1.6]"
btta_trx_009,0.0461,TRX,R,B,1h,btta_trx,"[96, 1075, 1.4]"
btta_trx_010,0.0461,TRX,R,B,1h,btta_trx,"[96, 2238, 0.6]"
btta_trx_011,0.0461,TRX,R,B,1h,btta_trx,"[60, 1292, 1.0]"
btta_trx_012,0.0461,TRX,R,R,1h,btta_trx,"[96, 1292, 0.9]"
btta_trx_013,0.0461,TRX,R,R,1h,btta_trx,"[60, 1292, 0.75]"
btta_trx_014,0.0461,TRX,R,R,1h,btta_trx,"[60, 1552, 0.7]"
btta_trx_015,0.0461,TRX,R,R,1h,btta_trx,"[12, 1292, 0.85]"
btta_trx_016,0.0461,TRX,R,R,1h,btta_trx,"[12, 1075, 0.85]"
btta_trx_017,0.0461,TRX,R,R,1h,btta_trx,"[2, 1075, 0.9]"
btta_trx_018,0.0461,TRX,R,R,1h,btta_trx,"[60, 1292, 0.85]"
btta_trx_019,0.0461,TRX,R,R,1h,btta_trx,"[8, 1292, 0.9]"
btta_trx_020,0.0461,TRX,R,R,1h,btta_trx,"[84, 1864, 0.55]"
btta_uni_001,0.0395,UNI,R,B,1h,btta_uni,"[4, 236, 2.2]"
btta_uni_002,0.0395,UNI,R,B,1h,btta_uni,"[2, 124, 2.2]"
btta_uni_003,0.0395,UNI,R,B,1h,btta_uni,"[96, 1292, 2.2]"
btta_uni_004,0.0395,UNI,R,B,1h,btta_uni,"[1, 288, 1.8]"
btta_uni_005,0.0395,UNI,R,B,1h,btta_uni,"[1, 2238, 2.2]"
btta_uni_006,0.0395,UNI,R,B,1h,btta_uni,"[72, 1292, 0.0]"
btta_uni_007,0.0395,UNI,R,B,1h,btta_uni,"[1, 155, 2.0]"
btta_uni_008,0.0395,UNI,R,B,1h,btta_uni,"[2, 2238, 2.0]"
btta_uni_009,0.0395,UNI,R,B,1h,btta_uni,"[2, 98, 2.0]"
btta_virtual_001,0.0232,VIRTUAL,R,B,1h,btta_virtual,"[96, 617, 1.0]"
btta_virtual_002,0.0232,VIRTUAL,R,B,1h,btta_virtual,"[96, 743, 1.2]"
btta_virtual_003,0.0232,VIRTUAL,R,B,1h,btta_virtual,"[96, 894, 1.2]"
btta_virtual_004,0.0232,VIRTUAL,R,B,1h,btta_virtual,"[24, 617, 0.8]"
btta_virtual_005,0.0232,VIRTUAL,R,B,1h,btta_virtual,"[96, 1552, 1.2]"
btta_virtual_006,0.0232,VIRTUAL,R,B,1h,btta_virtual,"[96, 1292, 1.0]"
btta_virtual_007,0.0232,VIRTUAL,R,B,1h,btta_virtual,"[84, 1075, 1.0]"
btta_virtual_008,0.0232,VIRTUAL,R,B,1h,btta_virtual,"[60, 1864, 1.0]"
btta_virtual_009,0.0232,VIRTUAL,R,B,1h,btta_virtual,"[30, 2238, 1.0]"
btta_virtual_010,0.0232,VIRTUAL,R,B,1h,btta_virtual,"[84, 894, 1.2]"
btta_virtual_011,0.0232,VIRTUAL,R,B,1h,btta_virtual,"[30, 1075, 0.8]"
btta_virtual_012,0.0232,VIRTUAL,R,B,1h,btta_virtual,"[84, 617, 1.0]"
btta_virtual_013,0.0232,VIRTUAL,R,R,1h,btta_virtual,"[24, 1292, 0.75]"
btta_virtual_014,0.0232,VIRTUAL,R,R,1h,btta_virtual,"[36, 1292, 0.75]"
btta_virtual_015,0.0232,VIRTUAL,R,R,1h,btta_virtual,"[72, 743, 0.75]"
btta_virtual_016,0.0232,VIRTUAL,R,R,1h,btta_virtual,"[48, 743, 0.7]"
btta_virtual_017,0.0232,VIRTUAL,R,R,1h,btta_virtual,"[96, 743, 0.8]"
btta_virtual_018,0.0232,VIRTUAL,R,R,1h,btta_virtual,"[24, 1552, 0.8]"
btta_virtual_019,0.0232,VIRTUAL,R,R,1h,btta_virtual,"[96, 1292, 0.9]"
btta_virtual_020,0.0232,VIRTUAL,R,R,1h,btta_virtual,"[18, 1292, 0.75]"
btta_virtual_021,0.0232,VIRTUAL,R,R,1h,btta_virtual,"[96, 1075, 0.85]"
btta_wif_001,0.0108,WIF,R,B,1h,btta_wif,"[12, 98, 0.0]"
btta_wif_002,0.0108,WIF,R,B,1h,btta_wif,"[48, 76, 0.0]"
btta_wif_003,0.0108,WIF,R,B,1h,btta_wif,"[1, 41, 2.2]"
btta_wif_004,0.0108,WIF,R,B,1h,btta_wif,"[1, 236, 1.2]"
btta_wif_005,0.0108,WIF,R,B,1h,btta_wif,"[1, 76, 2.2]"
btta_wif_006,0.0108,WIF,R,B,1h,btta_wif,"[4, 288, 1.0]"
btta_wif_007,0.0108,WIF,R,B,1h,btta_wif,"[1, 57, 2.2]"
btta_wif_008,0.0108,WIF,R,B,1h,btta_wif,"[4, 27, 2.0]"
btta_wif_009,0.0108,WIF,R,B,1h,btta_wif,"[48, 27, 1.6]"
btta_wif_010,0.0108,WIF,R,B,1h,btta_wif,"[1, 236, 0.6]"
btta_zec_001,0.0024,ZEC,R,B,1h,btta_zec,"[36, 512, 0.2]"
btta_zec_002,0.0024,ZEC,R,B,1h,btta_zec,"[96, 424, 0.0]"
btta_zec_003,0.0024,ZEC,R,B,1h,btta_zec,"[84, 512, 0.2]"
btta_zec_004,0.0024,ZEC,R,B,1h,btta_zec,"[96, 350, 0.2]"
btta_zec_005,0.0024,ZEC,R,B,1h,btta_zec,"[42, 350, 0.0]"
btta_zec_006,0.0024,ZEC,R,B,1h,btta_zec,"[18, 512, 0.2]"
btta_zec_007,0.0024,ZEC,R,B,1h,btta_zec,"[12, 512, 0.2]"
btta_zec_008,0.0024,ZEC,R,B,1h,btta_zec,"[96, 512, 0.2]"
btta_zec_009,0.0024,ZEC,R,B,1h,btta_zec,"[72, 512, 0.0]"
btta_zec_010,0.0024,ZEC,R,B,1h,btta_zec,"[42, 350, 1.6]"
btta_zec_011,0.0024,ZEC,R,B,1h,btta_zec,"[18, 512, 0.4]"
btta_zec_012,0.0024,ZEC,R,B,1h,btta_zec,"[48, 236, 1.4]"
btta_zec_013,0.0024,ZEC,R,R,1h,btta_zec,"[18, 512, 0.55]"
btta_zec_014,0.0024,ZEC,R,R,1h,btta_zec,"[72, 617, 0.5]"
btta_zec_015,0.0024,ZEC,R,R,1h,btta_zec,"[36, 512, 0.55]"
btta_zec_016,0.0024,ZEC,R,R,1h,btta_zec,"[72, 512, 0.5]"
btta_zec_017,0.0024,ZEC,R,R,1h,btta_zec,"[30, 512, 0.55]"
btta_zec_018,0.0024,ZEC,R,R,1h,btta_zec,"[36, 512, 0.7]"
btta_zec_019,0.0024,ZEC,R,R,1h,btta_zec,"[18, 512, 0.6]"
btta_zec_020,0.0024,ZEC,R,R,1h,btta_zec,"[42, 512, 0.65]"
btta_zec_021,0.0024,ZEC,R,R,1h,btta_zec,"[96, 236, 0.95]"
btta_zec_022,0.0024,ZEC,R,R,1h,btta_zec,"[48, 512, 0.65]"
btta_zec_023,0.0024,ZEC,R,R,1h,btta_zec,"[36, 1292, 0.5]"
btta_zec_024,0.0024,ZEC,R,R,1h,btta_zec,"[60, 424, 0.55]"
oi_arb_001,0.0111,ARB,R,B,1h,oi_arb,"[0, 30, 350, 0.8]"
oi_arb_002,0.0111,ARB,R,B,1h,oi_arb,"[0, 60, 76, 1.8]"
oi_arb_003,0.0111,ARB,R,B,1h,oi_arb,"[0, 96, 98, 1.2]"
oi_arb_004,0.0111,ARB,R,B,1h,oi_arb,"[0, 60, 98, 1.2]"
oi_arb_005,0.0111,ARB,R,B,1h,oi_arb,"[0, 72, 57, 1.6]"
oi_doge_001,0.0152,DOGE,R,B,1h,oi_doge,"[0, 8, 2238, 1.4]"
oi_doge_002,0.0152,DOGE,R,B,1h,oi_doge,"[0, 8, 1075, 1.4]"
oi_doge_003,0.0152,DOGE,R,B,1h,oi_doge,"[0, 2, 2238, 1.8]"
oi_doge_004,0.0152,DOGE,R,B,1h,oi_doge,"[0, 2, 2238, 1.4]"
oi_doge_005,0.0152,DOGE,R,B,1h,oi_doge,"[0, 12, 1552, 1.6]"
oi_doge_006,0.0152,DOGE,R,B,1h,oi_doge,"[0, 4, 2238, 1.4]"
oi_doge_007,0.0152,DOGE,R,R,1h,oi_doge,"[0, 12, 894, 0.9]"
oi_doge_008,0.0152,DOGE,R,R,1h,oi_doge,"[0, 4, 743, 0.95]"
oi_doge_009,0.0152,DOGE,R,R,1h,oi_doge,"[0, 6, 617, 0.8]"
oi_doge_010,0.0152,DOGE,R,R,1h,oi_doge,"[0, 12, 1075, 0.85]"
oi_doge_011,0.0152,DOGE,R,R,1h,oi_doge,"[0, 6, 512, 0.9]"
oi_doge_012,0.0152,DOGE,R,R,1h,oi_doge,"[0, 4, 424, 0.8]"
oi_doge_013,0.0152,DOGE,R,R,1h,oi_doge,"[0, 8, 743, 0.9]"
oi_doge_014,0.0152,DOGE,R,R,1h,oi_doge,"[0, 6, 894, 0.85]"
oi_doge_015,0.0152,DOGE,R,R,1h,oi_doge,"[0, 12, 1552, 0.9]"
oi_doge_016,0.0152,DOGE,R,R,1h,oi_doge,"[0, 12, 894, 0.85]"
oi_doge_017,0.0152,DOGE,R,R,1h,oi_doge,"[0, 36, 350, 0.9]"
oi_ltc_001,0.0319,LTC,R,B,1h,oi_ltc,"[0, 30, 1292, 0.4]"
oi_ltc_002,0.0319,LTC,R,B,1h,oi_ltc,"[0, 24, 1552, 0.6]"
oi_ltc_003,0.0319,LTC,R,B,1h,oi_ltc,"[0, 30, 1552, 0.6]"
oi_ltc_004,0.0319,LTC,R,B,1h,oi_ltc,"[0, 6, 1552, 1.0]"
oi_ltc_005,0.0319,LTC,R,B,1h,oi_ltc,"[0, 8, 1292, 0.4]"
oi_ltc_006,0.0319,LTC,R,B,1h,oi_ltc,"[0, 24, 1292, 0.6]"
oi_ltc_007,0.0319,LTC,R,B,1h,oi_ltc,"[0, 36, 1075, 0.6]"
oi_ltc_008,0.0319,LTC,R,B,1h,oi_ltc,"[0, 4, 1075, 1.2]"
oi_ltc_009,0.0319,LTC,R,B,1h,oi_ltc,"[0, 48, 1552, 0.6]"
oi_ltc_010,0.0319,LTC,R,B,1h,oi_ltc,"[0, 96, 1292, 0.4]"
oi_ltc_011,0.0319,LTC,R,B,1h,oi_ltc,"[0, 36, 1292, 0.4]"
oi_ltc_012,0.0319,LTC,R,B,1h,oi_ltc,"[0, 36, 1552, 0.6]"
oi_ltc_013,0.0319,LTC,R,B,1h,oi_ltc,"[0, 30, 1292, 0.6]"
oi_ltc_014,0.0319,LTC,R,B,1h,oi_ltc,"[0, 18, 1292, 0.4]"
oi_ltc_015,0.0319,LTC,R,R,1h,oi_ltc,"[0, 6, 1864, 0.7]"
oi_ltc_016,0.0319,LTC,R,R,1h,oi_ltc,"[0, 30, 1552, 0.75]"
oi_ltc_017,0.0319,LTC,R,R,1h,oi_ltc,"[0, 42, 1864, 0.55]"
oi_ltc_018,0.0319,LTC,R,R,1h,oi_ltc,"[0, 48, 1292, 0.65]"
oi_ltc_019,0.0319,LTC,R,R,1h,oi_ltc,"[0, 48, 1552, 0.5]"
oi_ltc_020,0.0319,LTC,R,R,1h,oi_ltc,"[0, 8, 1864, 0.75]"
oi_ltc_021,0.0319,LTC,R,R,1h,oi_ltc,"[0, 30, 1292, 0.65]"
oi_ltc_022,0.0319,LTC,R,R,1h,oi_ltc,"[0, 36, 1292, 0.65]"
oi_ltc_023,0.0319,LTC,R,R,1h,oi_ltc,"[0, 60, 1075, 0.65]"
oi_ltc_024,0.0319,LTC,R,R,1h,oi_ltc,"[0, 42, 1292, 0.75]"
oi_ltc_025,0.0319,LTC,R,R,1h,oi_ltc,"[0, 30, 1292, 0.6]"
oi_ltc_026,0.0319,LTC,R,R,1h,oi_ltc,"[0, 36, 1292, 0.75]"
oi_ltc_027,0.0319,LTC,R,R,1h,oi_ltc,"[0, 48, 1292, 0.7]"
oi_tao_001,0.0167,TAO,R,B,1h,oi_tao,"[0, 12, 424, 0.0]"
oi_tao_002,0.0167,TAO,R,B,1h,oi_tao,"[0, 12, 350, 0.8]"
oi_tao_003,0.0167,TAO,R,B,1h,oi_tao,"[0, 12, 350, 0.6]"
oi_tao_004,0.0167,TAO,R,B,1h,oi_tao,"[0, 12, 512, 0.0]"
oi_tao_005,0.0167,TAO,R,B,1h,oi_tao,"[0, 60, 288, 0.4]"
oi_tao_006,0.0167,TAO,R,B,1h,oi_tao,"[0, 48, 288, 1.0]"
oi_tao_007,0.0167,TAO,R,B,1h,oi_tao,"[0, 42, 512, 0.2]"
oi_tao_008,0.0167,TAO,R,B,1h,oi_tao,"[0, 48, 288, 0.6]"
oi_tao_009,0.0167,TAO,R,B,1h,oi_tao,"[0, 6, 424, 0.8]"
oi_tao_010,0.0167,TAO,R,B,1h,oi_tao,"[0, 42, 288, 1.0]"
oi_tao_011,0.0167,TAO,R,B,1h,oi_tao,"[0, 36, 288, 1.0]"
oi_tao_012,0.0167,TAO,R,R,1h,oi_tao,"[0, 48, 350, 0.8]"
oi_tao_013,0.0167,TAO,R,R,1h,oi_tao,"[0, 12, 350, 0.75]"
oi_tao_014,0.0167,TAO,R,R,1h,oi_tao,"[0, 8, 350, 0.8]"
oi_tao_015,0.0167,TAO,R,R,1h,oi_tao,"[0, 8, 350, 0.85]"
oi_tao_016,0.0167,TAO,R,R,1h,oi_tao,"[0, 42, 350, 0.85]"
oi_tao_017,0.0167,TAO,R,R,1h,oi_tao,"[0, 48, 350, 0.7]"
oi_tao_018,0.0167,TAO,R,R,1h,oi_tao,"[0, 1, 512, 0.75]"
oi_tao_019,0.0167,TAO,R,R,1h,oi_tao,"[0, 36, 350, 0.85]"
oi_tao_020,0.0167,TAO,R,R,1h,oi_tao,"[0, 60, 424, 0.7]"
oi_tao_021,0.0167,TAO,R,R,1h,oi_tao,"[0, 18, 350, 0.8]"
oi_tao_022,0.0167,TAO,R,R,1h,oi_tao,"[0, 42, 288, 0.85]"
oi_tao_023,0.0167,TAO,R,R,1h,oi_tao,"[0, 42, 350, 0.8]"
oi_tao_024,0.0167,TAO,R,R,1h,oi_tao,"[0, 1, 512, 0.8]"
buyVolume_arb_001,0.0016,ARB,M,B,1h,buyVolume_arb,"[48, 512, 1.2]"
buyVolume_arb_002,0.0016,ARB,M,B,1h,buyVolume_arb,"[72, 512, 0.6]"
buyVolume_arb_003,0.0016,ARB,M,B,1h,buyVolume_arb,"[60, 617, 0.8]"
buyVolume_arb_004,0.0016,ARB,M,B,1h,buyVolume_arb,"[60, 894, 0.2]"
buyVolume_arb_005,0.0016,ARB,M,B,1h,buyVolume_arb,"[72, 894, 1.0]"
buyVolume_arb_006,0.0016,ARB,M,B,1h,buyVolume_arb,"[60, 512, 0.6]"
buyVolume_arb_007,0.0016,ARB,M,B,1h,buyVolume_arb,"[72, 1864, 1.6]"
buyVolume_arb_008,0.0016,ARB,M,B,1h,buyVolume_arb,"[60, 894, 1.0]"
buyVolume_arb_009,0.0016,ARB,M,B,1h,buyVolume_arb,"[96, 617, 0.4]"
buyVolume_arb_010,0.0016,ARB,M,B,1h,buyVolume_arb,"[96, 743, 0.2]"
buyVolume_arb_011,0.0016,ARB,M,B,1h,buyVolume_arb,"[42, 894, 0.2]"
buyVolume_arb_012,0.0016,ARB,M,B,1h,buyVolume_arb,"[96, 743, 0.4]"
buyVolume_arb_013,0.0016,ARB,M,R,1h,buyVolume_arb,"[84, 743, 0.55]"
buyVolume_arb_014,0.0016,ARB,M,R,1h,buyVolume_arb,"[96, 743, 0.7]"
buyVolume_arb_015,0.0016,ARB,M,R,1h,buyVolume_arb,"[84, 743, 0.6]"
buyVolume_arb_016,0.0016,ARB,M,R,1h,buyVolume_arb,"[84, 894, 0.6]"
buyVolume_arb_017,0.0016,ARB,M,R,1h,buyVolume_arb,"[96, 743, 0.65]"
buyVolume_arb_018,0.0016,ARB,M,R,1h,buyVolume_arb,"[84, 512, 0.75]"
buyVolume_arb_019,0.0016,ARB,M,R,1h,buyVolume_arb,"[24, 2238, 0.85]"
buyVolume_arb_020,0.0016,ARB,M,R,1h,buyVolume_arb,"[18, 1864, 0.75]"
buyVolume_arb_021,0.0016,ARB,M,R,1h,buyVolume_arb,"[84, 743, 0.7]"
buyVolume_arb_022,0.0016,ARB,M,R,1h,buyVolume_arb,"[96, 894, 0.55]"
buyVolume_arb_023,0.0016,ARB,M,R,1h,buyVolume_arb,"[60, 1075, 0.7]"
buyVolume_avax_001,0.0113,AVAX,M,B,1h,buyVolume_avax,"[96, 98, 1.8]"
buyVolume_avax_002,0.0113,AVAX,M,B,1h,buyVolume_avax,"[42, 350, 0.8]"
buyVolume_avax_003,0.0113,AVAX,M,B,1h,buyVolume_avax,"[36, 192, 1.6]"
buyVolume_avax_004,0.0113,AVAX,M,B,1h,buyVolume_avax,"[84, 76, 1.8]"
buyVolume_avax_005,0.0113,AVAX,M,B,1h,buyVolume_avax,"[42, 743, 1.0]"
buyVolume_avax_006,0.0113,AVAX,M,B,1h,buyVolume_avax,"[42, 743, 1.2]"
buyVolume_avax_007,0.0113,AVAX,M,B,1h,buyVolume_avax,"[48, 894, 0.8]"
buyVolume_avax_008,0.0113,AVAX,M,B,1h,buyVolume_avax,"[42, 894, 0.8]"
buyVolume_avax_009,0.0113,AVAX,M,B,1h,buyVolume_avax,"[60, 124, 2.2]"
buyVolume_avax_010,0.0113,AVAX,M,B,1h,buyVolume_avax,"[72, 288, 1.6]"
buyVolume_avax_011,0.0113,AVAX,M,B,1h,buyVolume_avax,"[42, 236, 1.0]"
buyVolume_avax_012,0.0113,AVAX,M,R,1h,buyVolume_avax,"[60, 617, 0.85]"
buyVolume_avax_013,0.0113,AVAX,M,R,1h,buyVolume_avax,"[42, 743, 0.7]"
buyVolume_avax_014,0.0113,AVAX,M,R,1h,buyVolume_avax,"[48, 350, 0.8]"
buyVolume_avax_015,0.0113,AVAX,M,R,1h,buyVolume_avax,"[36, 894, 0.7]"
buyVolume_avax_016,0.0113,AVAX,M,R,1h,buyVolume_avax,"[48, 617, 0.75]"
buyVolume_avax_017,0.0113,AVAX,M,R,1h,buyVolume_avax,"[48, 617, 0.8]"
buyVolume_avax_018,0.0113,AVAX,M,R,1h,buyVolume_avax,"[72, 743, 0.8]"
buyVolume_avax_019,0.0113,AVAX,M,R,1h,buyVolume_avax,"[36, 617, 0.85]"
buyVolume_avax_020,0.0113,AVAX,M,R,1h,buyVolume_avax,"[42, 617, 0.8]"
buyVolume_avax_021,0.0113,AVAX,M,R,1h,buyVolume_avax,"[42, 236, 0.75]"
buyVolume_avax_022,0.0113,AVAX,M,R,1h,buyVolume_avax,"[72, 98, 0.7]"
buyVolume_cfx_001,0.0141,CFX,M,B,1h,buyVolume_cfx,"[8, 2238, 0.0]"
buyVolume_cfx_002,0.0141,CFX,M,B,1h,buyVolume_cfx,"[42, 2238, 0.0]"
buyVolume_cfx_003,0.0141,CFX,M,B,1h,buyVolume_cfx,"[8, 1075, 0.2]"
buyVolume_cfx_004,0.0141,CFX,M,B,1h,buyVolume_cfx,"[42, 617, 0.4]"
buyVolume_cfx_005,0.0141,CFX,M,B,1h,buyVolume_cfx,"[84, 1864, 0.4]"
buyVolume_cfx_006,0.0141,CFX,M,B,1h,buyVolume_cfx,"[36, 2238, 0.4]"
buyVolume_cfx_007,0.0141,CFX,M,B,1h,buyVolume_cfx,"[84, 424, 0.6]"
buyVolume_cfx_008,0.0141,CFX,M,B,1h,buyVolume_cfx,"[12, 512, 1.4]"
buyVolume_cfx_009,0.0141,CFX,M,B,1h,buyVolume_cfx,"[42, 2238, 0.2]"
buyVolume_cfx_010,0.0141,CFX,M,R,1h,buyVolume_cfx,"[60, 1864, 0.7]"
buyVolume_cfx_011,0.0141,CFX,M,R,1h,buyVolume_cfx,"[36, 2238, 0.7]"
buyVolume_cfx_012,0.0141,CFX,M,R,1h,buyVolume_cfx,"[36, 2238, 0.75]"
buyVolume_cfx_013,0.0141,CFX,M,R,1h,buyVolume_cfx,"[36, 1292, 0.8]"
buyVolume_cfx_014,0.0141,CFX,M,R,1h,buyVolume_cfx,"[42, 1864, 0.7]"
buyVolume_cfx_015,0.0141,CFX,M,R,1h,buyVolume_cfx,"[42, 2238, 0.7]"
buyVolume_cfx_016,0.0141,CFX,M,R,1h,buyVolume_cfx,"[8, 894, 0.75]"
buyVolume_cfx_017,0.0141,CFX,M,R,1h,buyVolume_cfx,"[12, 2238, 0.9]"
buyVolume_icp_001,0.014,ICP,M,B,1h,buyVolume_icp,"[36, 1552, 0.6]"
buyVolume_icp_002,0.014,ICP,M,B,1h,buyVolume_icp,"[60, 1292, 0.4]"
buyVolume_icp_003,0.014,ICP,M,B,1h,buyVolume_icp,"[48, 1552, 0.8]"
buyVolume_icp_004,0.014,ICP,M,B,1h,buyVolume_icp,"[36, 743, 0.6]"
buyVolume_icp_005,0.014,ICP,M,B,1h,buyVolume_icp,"[36, 1552, 0.4]"
buyVolume_icp_006,0.014,ICP,M,B,1h,buyVolume_icp,"[42, 743, 1.0]"
buyVolume_icp_007,0.014,ICP,M,B,1h,buyVolume_icp,"[42, 894, 0.4]"
buyVolume_icp_008,0.014,ICP,M,B,1h,buyVolume_icp,"[60, 1292, 0.2]"
buyVolume_icp_009,0.014,ICP,M,B,1h,buyVolume_icp,"[48, 1292, 0.4]"
buyVolume_icp_010,0.014,ICP,M,B,1h,buyVolume_icp,"[84, 894, 0.4]"
buyVolume_icp_011,0.014,ICP,M,B,1h,buyVolume_icp,"[30, 1552, 0.6]"
buyVolume_icp_012,0.014,ICP,M,B,1h,buyVolume_icp,"[84, 1075, 0.4]"
buyVolume_icp_013,0.014,ICP,M,R,1h,buyVolume_icp,"[36, 894, 0.8]"
buyVolume_icp_014,0.014,ICP,M,R,1h,buyVolume_icp,"[36, 1292, 0.75]"
buyVolume_icp_015,0.014,ICP,M,R,1h,buyVolume_icp,"[42, 894, 0.8]"
buyVolume_icp_016,0.014,ICP,M,R,1h,buyVolume_icp,"[36, 1552, 0.65]"
buyVolume_icp_017,0.014,ICP,M,R,1h,buyVolume_icp,"[42, 894, 0.85]"
buyVolume_icp_018,0.014,ICP,M,R,1h,buyVolume_icp,"[84, 894, 0.6]"
buyVolume_icp_019,0.014,ICP,M,R,1h,buyVolume_icp,"[42, 894, 0.75]"
buyVolume_icp_020,0.014,ICP,M,R,1h,buyVolume_icp,"[42, 617, 0.8]"
buyVolume_icp_021,0.014,ICP,M,R,1h,buyVolume_icp,"[42, 743, 0.8]"
buyVolume_icp_022,0.014,ICP,M,R,1h,buyVolume_icp,"[60, 617, 0.7]"
buyVolume_link_001,0.0173,LINK,M,B,1h,buyVolume_link,"[72, 98, 1.0]"
buyVolume_link_002,0.0173,LINK,M,B,1h,buyVolume_link,"[72, 98, 1.2]"
buyVolume_link_003,0.0173,LINK,M,B,1h,buyVolume_link,"[84, 57, 1.8]"
buyVolume_link_004,0.0173,LINK,M,B,1h,buyVolume_link,"[72, 124, 1.0]"
buyVolume_link_005,0.0173,LINK,M,B,1h,buyVolume_link,"[42, 894, 2.0]"
buyVolume_link_006,0.0173,LINK,M,B,1h,buyVolume_link,"[48, 894, 2.2]"
buyVolume_link_007,0.0173,LINK,M,B,1h,buyVolume_link,"[72, 743, 1.8]"
buyVolume_link_008,0.0173,LINK,M,B,1h,buyVolume_link,"[48, 424, 2.0]"
buyVolume_link_009,0.0173,LINK,M,B,1h,buyVolume_link,"[48, 236, 1.4]"
buyVolume_link_010,0.0173,LINK,M,B,1h,buyVolume_link,"[60, 155, 1.0]"
buyVolume_link_011,0.0173,LINK,M,B,1h,buyVolume_link,"[60, 98, 1.2]"
sellVolume_bnb_001,0.0214,BNB,M,B,1h,sellVolume_bnb,"[72, 1075, 0.8]"
sellVolume_bnb_002,0.0214,BNB,M,B,1h,sellVolume_bnb,"[84, 894, 0.2]"
sellVolume_bnb_003,0.0214,BNB,M,B,1h,sellVolume_bnb,"[42, 1075, 0.8]"
sellVolume_bnb_004,0.0214,BNB,M,B,1h,sellVolume_bnb,"[60, 1075, 0.8]"
sellVolume_bnb_005,0.0214,BNB,M,B,1h,sellVolume_bnb,"[42, 1552, 0.0]"
sellVolume_bnb_006,0.0214,BNB,M,B,1h,sellVolume_bnb,"[72, 743, 1.0]"
sellVolume_bnb_007,0.0214,BNB,M,B,1h,sellVolume_bnb,"[36, 1552, 0.6]"
sellVolume_bnb_008,0.0214,BNB,M,B,1h,sellVolume_bnb,"[48, 1075, 0.6]"
sellVolume_bnb_009,0.0214,BNB,M,B,1h,sellVolume_bnb,"[60, 1292, 0.2]"
sellVolume_bnb_010,0.0214,BNB,M,B,1h,sellVolume_bnb,"[72, 743, 1.2]"
sellVolume_bnb_011,0.0214,BNB,M,R,1h,sellVolume_bnb,"[42, 512, 0.65]"
sellVolume_bnb_012,0.0214,BNB,M,R,1h,sellVolume_bnb,"[30, 894, 0.7]"
sellVolume_bnb_013,0.0214,BNB,M,R,1h,sellVolume_bnb,"[60, 1292, 0.75]"
sellVolume_bnb_014,0.0214,BNB,M,R,1h,sellVolume_bnb,"[48, 1075, 0.7]"
sellVolume_bnb_015,0.0214,BNB,M,R,1h,sellVolume_bnb,"[30, 1864, 0.5]"
sellVolume_bnb_016,0.0214,BNB,M,R,1h,sellVolume_bnb,"[36, 1552, 0.85]"
sellVolume_bnb_017,0.0214,BNB,M,R,1h,sellVolume_bnb,"[60, 1864, 0.65]"
sellVolume_bnb_018,0.0214,BNB,M,R,1h,sellVolume_bnb,"[36, 1075, 0.55]"
sellVolume_bnb_019,0.0214,BNB,M,R,1h,sellVolume_bnb,"[84, 1864, 0.5]"
sellVolume_bnb_020,0.0214,BNB,M,R,1h,sellVolume_bnb,"[36, 743, 0.55]"
sellVolume_bnb_021,0.0214,BNB,M,R,1h,sellVolume_bnb,"[60, 2238, 0.55]"
sellVolume_bnb_022,0.0214,BNB,M,R,1h,sellVolume_bnb,"[48, 1292, 0.75]"
sellVolume_icp_001,0.0136,ICP,M,B,1h,sellVolume_icp,"[48, 1075, 0.0]"
sellVolume_icp_002,0.0136,ICP,M,B,1h,sellVolume_icp,"[42, 1552, 0.2]"
sellVolume_icp_003,0.0136,ICP,M,B,1h,sellVolume_icp,"[72, 1075, 0.8]"
sellVolume_icp_004,0.0136,ICP,M,B,1h,sellVolume_icp,"[48, 1552, 0.6]"
sellVolume_icp_005,0.0136,ICP,M,B,1h,sellVolume_icp,"[36, 1075, 0.8]"
sellVolume_icp_006,0.0136,ICP,M,B,1h,sellVolume_icp,"[60, 1292, 0.4]"
sellVolume_icp_007,0.0136,ICP,M,B,1h,sellVolume_icp,"[42, 894, 1.2]"
sellVolume_icp_008,0.0136,ICP,M,B,1h,sellVolume_icp,"[84, 1075, 0.6]"
sellVolume_icp_009,0.0136,ICP,M,B,1h,sellVolume_icp,"[36, 1292, 0.6]"
sellVolume_icp_010,0.0136,ICP,M,B,1h,sellVolume_icp,"[36, 1552, 0.0]"
sellVolume_icp_011,0.0136,ICP,M,B,1h,sellVolume_icp,"[30, 1292, 0.8]"
sellVolume_icp_012,0.0136,ICP,M,R,1h,sellVolume_icp,"[72, 617, 0.8]"
sellVolume_icp_013,0.0136,ICP,M,R,1h,sellVolume_icp,"[60, 894, 0.8]"
sellVolume_icp_014,0.0136,ICP,M,R,1h,sellVolume_icp,"[24, 617, 0.65]"
sellVolume_icp_015,0.0136,ICP,M,R,1h,sellVolume_icp,"[60, 743, 0.8]"
sellVolume_icp_016,0.0136,ICP,M,R,1h,sellVolume_icp,"[12, 1552, 0.6]"
sellVolume_icp_017,0.0136,ICP,M,R,1h,sellVolume_icp,"[96, 1292, 0.5]"
sellVolume_icp_018,0.0136,ICP,M,R,1h,sellVolume_icp,"[48, 424, 0.9]"
sellVolume_icp_019,0.0136,ICP,M,R,1h,sellVolume_icp,"[42, 894, 0.85]"
sellVolume_icp_020,0.0136,ICP,M,R,1h,sellVolume_icp,"[36, 1075, 0.85]"
sellVolume_icp_021,0.0136,ICP,M,R,1h,sellVolume_icp,"[60, 894, 0.85]"
sellVolume_zec_001,0.008,ZEC,M,B,1h,sellVolume_zec,"[4, 2238, 1.4]"
sellVolume_zec_002,0.008,ZEC,M,B,1h,sellVolume_zec,"[8, 2238, 1.2]"
sellVolume_zec_003,0.008,ZEC,M,B,1h,sellVolume_zec,"[24, 743, 1.8]"
sellVolume_zec_004,0.008,ZEC,M,B,1h,sellVolume_zec,"[6, 1552, 1.0]"
sellVolume_zec_005,0.008,ZEC,M,B,1h,sellVolume_zec,"[12, 2238, 1.6]"
sellVolume_zec_006,0.008,ZEC,M,B,1h,sellVolume_zec,"[24, 743, 2.0]"
sellVolume_zec_007,0.008,ZEC,M,B,1h,sellVolume_zec,"[48, 512, 2.0]"
sellVolume_zec_008,0.008,ZEC,M,B,1h,sellVolume_zec,"[6, 1864, 1.4]"
sellVolume_zec_009,0.008,ZEC,M,B,1h,sellVolume_zec,"[8, 2238, 1.0]"
sellVolume_zec_010,0.008,ZEC,M,B,1h,sellVolume_zec,"[6, 2238, 1.4]"
sellVolume_zec_011,0.008,ZEC,M,R,1h,sellVolume_zec,"[24, 424, 0.9]"
sellVolume_zec_012,0.008,ZEC,M,R,1h,sellVolume_zec,"[24, 743, 0.95]"
sellVolume_zec_013,0.008,ZEC,M,R,1h,sellVolume_zec,"[42, 2238, 0.8]"
sellVolume_zec_014,0.008,ZEC,M,R,1h,sellVolume_zec,"[18, 743, 0.95]"
sellVolume_zec_015,0.008,ZEC,M,R,1h,sellVolume_zec,"[12, 350, 0.75]"
sellVolume_zec_016,0.008,ZEC,M,R,1h,sellVolume_zec,"[8, 1552, 0.9]"
sellVolume_zec_017,0.008,ZEC,M,R,1h,sellVolume_zec,"[96, 424, 0.9]"
sellVolume_zec_018,0.008,ZEC,M,R,1h,sellVolume_zec,"[8, 1864, 0.85]"
sellVolume_zec_019,0.008,ZEC,M,R,1h,sellVolume_zec,"[8, 894, 0.95]"
sellVolume_zec_020,0.008,ZEC,M,R,1h,sellVolume_zec,"[8, 2238, 0.85]"
sellVolume_zec_021,0.008,ZEC,M,R,1h,sellVolume_zec,"[8, 2238, 0.95]"
